Name,Phone,Address,Website,Category,Rating,Reviews,Priority,Score,Flags,Latitude,Longitude,Source Query
Al Arsh Althahabi Building Contracting LLC,+971 58 595 6883,Business Bay - Dubai - United Arab Emirates,http://www.alarshllc.com/,Construction company,,5,HIGH,70,TARGET_LOCATION,,,construction companies Business Bay Dubai
Eureka Contracting LLC - Best Construction Company in Dubai,+971 58 688 0572,"Tower II 1102, Sobha Ivory 1 - Marasi Dr - Business Bay - Dubai - United Arab Emirates",https://contractingcompany.ae/,Construction company,,3.8,HIGH,70,TARGET_LOCATION,,,construction companies Business Bay Dubai
CBMEC (Middle East) Contracting LLC,+971 4 557 7910,3303 The Prism Tower - Business Bay - Dubai - United Arab Emirates,http://www.sinomaee.com/,Steel construction company,,5,HIGH,70,TARGET_LOCATION,,,construction companies Business Bay Dubai
Asha Contractor LLC,+971 4 570 7143,The Binary by OMNIYAT - Office 512 - Marasi Dr - Business Bay - Dubai - United Arab Emirates,https://www.ashacontractor.com/,Construction company,,4.4,HIGH,70,TARGET_LOCATION,,,construction companies Business Bay Dubai
RP Group Corporate Office,+971 4 438 9580,"W505, Al Sahaa Offices, Lobby C, Level 5,, Dowtown Burj Khalifa, Dubai - Dubai - United Arab Emirates",http://www.rpgroup.ae/,Construction company,,4.5,MEDIUM,55,,,,construction companies Business Bay Dubai
Dhabi Contracting Est.- Dubai Office,+971 4 458 0092,Al Asayel St - Business Bay - Dubai - United Arab Emirates,http://www.dhabicontracting.com/,Construction company,,3.8,HIGH,70,TARGET_LOCATION,,,construction companies Business Bay Dubai
RGCC BUILDING CONTRACTING L.L.C,+971 55 279 2403,Aspect Tower - Office Suite# 1005 - Business Bay - Dubai - United Arab Emirates,https://www.rggroup.ae/rgcc-building-contracting-llc/,Construction company,,5,HIGH,70,TARGET_LOCATION,,,construction companies Business Bay Dubai
Techno Civil Engineering & Contracting,+971 4 244 6292,The exchange Tower - Office No : 305 - Business Bay - Dubai - United Arab Emirates,http://www.technocivil.com/,Construction company,,4.5,HIGH,70,TARGET_LOCATION,,,construction companies Business Bay Dubai
Al Watan Construction Establishment,+971 4 770 4888,Business Bay - Bay Square - Dubai - United Arab Emirates,http://www.alwatan.co.ae/,Construction company,,4.2,HIGH,70,TARGET_LOCATION,,,construction companies Business Bay Dubai
City Creek Construction LLC,+971 4 438 6096,"Office 2302, Ontario Tower - Level 17 Al Amal St - Business Bay - Dubai - United Arab Emirates",http://ccc-uae.com/,Contractor,,4.3,HIGH,70,TARGET_LOCATION,,,construction companies Business Bay Dubai
Al Shamandi Construction Head Office,+971 4 263 8971,Office no. 3106 Al Manara Tower - Dubai - United Arab Emirates,http://www.alshamandigroup.com/,Construction company,,3.7,MEDIUM,55,,,,construction companies Business Bay Dubai
Evan Lim - Penta Construction Co. LLC,+971 4 422 7153,Business Bay - Dubai - United Arab Emirates,https://www.evanlimpenta.com/,Construction company,,4.3,HIGH,70,TARGET_LOCATION,,,construction companies Business Bay Dubai
Gulf Asia Contracting LLC,+971 4 427 4449,"Near Palace Hotel, Souk Al Bahar - Downtown Burj Khalifa - Office Block C, 401B - Al Sah - Dubai - United Arab Emirates",https://www.gactme.com/,Construction company,,4.3,MEDIUM,55,,,,construction companies Business Bay Dubai
H & I Contracting,+971 50 600 4080,Bay View Tower - Business Bay - Dubai - United Arab Emirates,https://www.google.com/maps/search/?api=1&query=H%20%26%20I%20Contracting&query_place_id=ChIJK3YzetlpXz4RPoAySSK_6S8,Construction company,,5,MEDIUM,55,TARGET_LOCATION,,,construction companies Business Bay Dubai
Vista Star Construction Co. LLC,+971 4 454 3006,International Business Tower - Al Amal Street - Office 910 - Dubai - United Arab Emirates,http://www.vista.ae/,Construction company,,3,MEDIUM,55,,,,construction companies Business Bay Dubai
Onyx General Contracting LLC | Best Construction Company in Dubai | Civil Contractors,+971 4 266 9095,"Emarat Atrium Building - Office 431, Block B - Sheikh Zayed Rd - Al Wasl - Dubai - United Arab Emirates",https://onyxgc.ae/,Construction company,,4.8,MEDIUM,55,,,,construction companies Business Bay Dubai
RAD International Road Construction LLC,+971 4 454 1491,The Regal Tower - Office # 2209 - Business Bay - Dubai - United Arab Emirates,http://www.rad.ae/,Road construction company,,4.4,HIGH,70,TARGET_LOCATION,,,construction companies Business Bay Dubai
Ginco General Contracting LLC,+971 4 320 6777,Marasi Dr - Business Bay - Dubai - United Arab Emirates,https://ginco.ae/,Contractor,,3.8,HIGH,70,TARGET_LOCATION,,,construction companies Business Bay Dubai
Zabeel Contracting Co LLC,+971 4 335 3750,The Metropolis Tower - Business Bay - Dubai - United Arab Emirates,http://www.zabcon.com/,Construction company,,4.4,HIGH,70,TARGET_LOCATION,,,construction companies Business Bay Dubai
FSIME Construction LLC,+971 4 558 5075,Clover Bay Tower - Marasi Dr - Business Bay - Dubai - United Arab Emirates,http://www.fsime.com/,Construction company,,4.5,HIGH,70,TARGET_LOCATION,,,construction companies Business Bay Dubai
Al Ghaith Building Construction LLC,+971 4 396 5554,Office No.710 Burlington Tower - Business Bay - Dubai - United Arab Emirates,https://www.google.com/maps/search/?api=1&query=Al%20Ghaith%20Building%20Construction%20LLC&query_place_id=ChIJY7HfYS9DXz4R0sF6huojGc0,Construction company,,3.9,MEDIUM,55,TARGET_LOCATION,,,construction companies Business Bay Dubai
J&D Gulf Contracting LLC,+971 4 334 2121,Court Tower Building - Office 705 - Business Bay - Dubai - United Arab Emirates,http://jdint.com/,Construction company,,4.3,HIGH,70,TARGET_LOCATION,,,construction companies Business Bay Dubai
KPS,+971 4 423 8100,DAMAC Business Tower - Level 12A - Dubai - United Arab Emirates,http://www.kpsworld.com/,Interior construction contractor,,4.5,MEDIUM,55,,,,construction companies Business Bay Dubai
Ashiyana Contracting LLC,+971 4 450 8886,Burlington tower - Marasi Dr - Business Bay - Dubai - United Arab Emirates,http://www.ashiyanagroup.com/,Contractor,,4.2,HIGH,70,TARGET_LOCATION,,,construction companies Business Bay Dubai
AMEC - Al Milad Engineering Construction,+971 4 360 7778,شارع الخليج التجاري - برج اونتاريو - الدور الرابع - مكتب 402 - Dubai - United Arab Emirates,http://amecdxb.com/,Construction company,,3.9,MEDIUM,55,,,,construction companies Business Bay Dubai
STRONG WALLS CONSTRUCTION L.L.C,+971 4 566 1222,"TOWER, Iris Bay - Business Bay - Dubai - United Arab Emirates",https://strongwalls.ae/,Construction company,,4.1,HIGH,70,TARGET_LOCATION,,,construction companies Business Bay Dubai
VSB International Contracting LLC,+971 4 557 6791,"AWS, Office Tower - Office 121 - Business Bay - Dubai - United Arab Emirates",https://vsbigroup.com/,Contractor,,4.6,HIGH,70,TARGET_LOCATION,,,construction companies Business Bay Dubai
SYED Contracting LLC - Head Office,+971 4 267 7657,Westburry Office tower marasi dr 3rd floor #305 & #306 - Dubai - United Arab Emirates,https://syedcontracting.com/,Construction company,,4,MEDIUM,55,,,,construction companies Business Bay Dubai
OST Constructional Projects LLC,+971 4 457 1112,Clover Bay Tower - Office#1811 - 6a Marasi Dr - Business Bay - Dubai - United Arab Emirates,https://www.ostdubai.com/,Construction company,,4.2,HIGH,70,TARGET_LOCATION,,,construction companies Business Bay Dubai
"Ssangyong Engineering & Construction Co., Ltd.",+971 4 359 1931,"Bldg, One by Omniyat - Office No. 1001 - Business Bay - Dubai - United Arab Emirates",http://www.ssyenc.com/,Construction company,,4.1,HIGH,70,TARGET_LOCATION,,,construction companies Business Bay Dubai
RAQ,+971 4 244 3366,Fifty One Tower - Marasi Dr - Business Bay - Dubai - United Arab Emirates,http://www.raqcontracting.com/,Construction company,,3.9,HIGH,70,TARGET_LOCATION,,,construction companies Business Bay Dubai
(CRC Dubai) ENGINEERING CONSTRUCTION & RECONSTRUCTION CO L.L.C,+971 4 435 6000,"Westberry Business Tower, 22nd Floor - Marasi Dr - Business Bay - Dubai - United Arab Emirates",https://www.google.com/maps/search/?api=1&query=(CRC%20Dubai)%20ENGINEERING%20CONSTRUCTION%20%26%20RECONSTRUCTION%20CO%20L.L.C&query_place_id=ChIJjV5yQm5rXz4RVlmdHJ76QyA,General contractor,,3.7,MEDIUM,55,TARGET_LOCATION,,,construction companies Business Bay Dubai
Al Tayer Stocks LLC,+971 4 503 4888,U Bora Towers - Business Bay - Dubai - United Arab Emirates,http://www.altayerstocks.com/,Construction company,,4.4,HIGH,70,TARGET_LOCATION,,,construction companies Business Bay Dubai
Sky Crest Building Contracting LLC,+971 4 558 7491,Grosvenor Business Bay Tower - 20th Floor - Marasi Dr - Business Bay - Dubai - United Arab Emirates,https://www.skycrest.ae/,Construction company,,4.7,HIGH,70,TARGET_LOCATION,,,construction companies Business Bay Dubai
Aztec Middle East Contracting LLC,+971 4 393 3055,Aspect Tower - 2503 - Al Mustaqbal St - Business Bay - Dubai - United Arab Emirates,https://aztecme.com/,Construction company,,3.8,HIGH,70,TARGET_LOCATION,,,construction companies Business Bay Dubai
AKAD Construction LLC,+971 4 243 8666,Iris Bay - Business Bay - Dubai - United Arab Emirates,https://www.akad.ae/,Construction company,,4.4,HIGH,70,TARGET_LOCATION,,,construction companies Business Bay Dubai
Hyundai Engineering & Construction Co Limited (Dubai branch),+971 4 325 5508,Opal Tower - 1409 - Business Bay - Dubai - United Arab Emirates,http://en.hdec.kr/,Construction company,,4.4,HIGH,70,TARGET_LOCATION,,,construction companies Business Bay Dubai
Design Hub Building Contracting LLC,+971 50 456 2589,Al - Marasi Dr - Business Bay - Dubai - United Arab Emirates,https://www.google.com/maps/search/?api=1&query=Design%20Hub%20Building%20Contracting%20LLC&query_place_id=ChIJ-8HRXIlpXz4RV_lxCwn2-gs,Construction company,,5,MEDIUM,55,TARGET_LOCATION,,,construction companies Business Bay Dubai
City Diamond Contracting LLC,+971 4 338 8557,Single Business Tower - 37th Floor - Business Bay - Dubai - United Arab Emirates,https://www.citydiamondcontracting.com/,General contractor,,4.3,HIGH,70,TARGET_LOCATION,,,construction companies Business Bay Dubai
Shine Square Building Contracting LLC,+971 4 244 1400,Sultan Business Centre - G11 - Oud Metha - Dubai - United Arab Emirates,http://www.shinesquarebuilders.com/,Construction company,,4.9,MEDIUM,55,,,,construction companies Business Bay Dubai
Socotec International - Dubai Branch,+971 4 558 6124,Sobha Sapphire Office 1010 - Business Bay - Dubai - United Arab Emirates,http://www.socotec-middleeast.com/,Construction company,,4.9,HIGH,70,TARGET_LOCATION,,,construction companies Business Bay Dubai
BASE GENERAL CONTRACTING COMPANY LLC,+971 4 227 2268,Sobha Ivory 1 - OFFICE NO. 1201& 1202 - Business Bay - Dubai - United Arab Emirates,http://www.basegc.com/,Construction company,,4.7,HIGH,70,TARGET_LOCATION,,,construction companies Business Bay Dubai
"Abrar Infra Building Contracting LLC Company in Dubai, UAE",+971 4 552 7786,Silver Tower - 26th Floor - Business Bay - Dubai - United Arab Emirates,https://abrarme.com/uae/?utm_source=Google&utm_medium=GMB,Construction company,,4.8,HIGH,70,TARGET_LOCATION,,,construction companies Business Bay Dubai
Emirates Pearl CCS Construction,+971 4 244 9596,Oxford Tower - office # 705 Al Khaleej Al Tejari 2 St - Business Bay - Dubai - United Arab Emirates,http://www.emiratespearl.co/,Construction company,,4.8,HIGH,70,TARGET_LOCATION,,,construction companies Business Bay Dubai
KTC International Co,+971 4 587 6599,International Business Tower - Al Amal St - Business Bay - Dubai - United Arab Emirates,https://ktcco.net/,Construction company,,4.1,HIGH,70,TARGET_LOCATION,,,construction companies Business Bay Dubai
Nael Construction and Contracting L L C,+971 4 394 1953,"Office No. 206, Floor No. 2, Bay Square - building 06 Marasi Drive Street - Business Bay - Dubai - United Arab Emirates",https://nbhh.ae/group-divisions/nael-construction-contracting/,Construction company,,4.7,HIGH,70,TARGET_LOCATION,,,construction companies Business Bay Dubai
High Beam Contracting ( HBC ),+971 4 514 9348,International Business Tower - 905 Al Amal St - Business Bay - Dubai - United Arab Emirates,http://www.highbeamcontracting.ae/,Construction company,,4.9,HIGH,70,TARGET_LOCATION,,,construction companies Business Bay Dubai
Wade Adams Contracting LLC,+971 4 453 5000,Vision Tower - Al A'amal St - Business Bay - Dubai - United Arab Emirates,https://www.wadeadams.com/,Contractor,,4.2,HIGH,70,TARGET_LOCATION,,,construction companies Business Bay Dubai
ASGC Dubai,+971 4 425 8000,5th Floor، Building 13 - Marasi Dr - Business Bay - Bay Square - Dubai - United Arab Emirates,http://www.asgcgroup.com/,Construction company,,4.3,HIGH,70,TARGET_LOCATION,,,construction companies Business Bay Dubai
Luxedesign Villas,+971 4 352 2142,Cheddar Cheese Tower (O-14 Tower) - 17th Floor - Business Bay - Dubai - United Arab Emirates,https://www.luxedesign.ae/,Construction company,,4.8,HIGH,70,TARGET_LOCATION,,,building contractors Business Bay Dubai
STONE BEAM,+971 55 930 8594,dubai business bay opal tower office 1609 - Dubai - United Arab Emirates,http://www.sbdemolition.ae/,Demolition contractor,,5,HIGH,70,TARGET_LOCATION,,,building contractors Business Bay Dubai
Structure Advanced Building Contracting LLC,+971 4 447 0823,Al Manara Tower - 3106 - Marasi Dr - Business Bay - Dubai - United Arab Emirates,https://sabcuae.com/,Construction company,,5,HIGH,70,TARGET_LOCATION,,,building contractors Business Bay Dubai
Poweron Electromechanical LLC,+971 4 255 2577,Al Quoz - Al Qouz Ind.fourth - Dubai - United Arab Emirates,http://poweronuae.com/,Construction company,,4.8,MEDIUM,55,,,,MEP contractors Business Bay Dubai
Specon LLC,+971 4 294 0420,Al QuozAl - شارع الخيل - Al Quoz - Al Quoz Industrial Area 3 - Dubai - United Arab Emirates,http://www.specongroup.com/,Construction company,,4,MEDIUM,55,,,,MEP contractors Business Bay Dubai
AGY Cargo Packaging Services LLC,+971 55 988 2317,Storage No. 58 - Dubai - United Arab Emirates,https://moversagy.com/,Packaging company,,4.8,MEDIUM,55,,,,packaging companies Business Bay Dubai
VYNAR MEP EXPERTISE CONTRACTING,+971 50 743 1063,Building - Al Wasl - Dubai - United Arab Emirates,https://www.vynarmep.ae/,Contractor,,5,MEDIUM,55,,,,MEP contractors Business Bay Dubai
Al Amal packing services L.L.C,+971 55 340 5787,"79b sector, central street - 6th St - Al Quoz - Al Qouz Ind.first - Dubai - United Arab Emirates",https://www.google.com/maps/search/?api=1&query=Al%20Amal%20packing%20services%20L.L.C&query_place_id=ChIJLzf1N1tpXz4RmVUeO63pyjY,Packaging company,,4.3,LOW,40,,,,packaging companies Business Bay Dubai
Noor Al Baheya Electromechanical Works LLC,+971 4 297 4222,"Office 107, Lulu building, Almuteena Street - Deira - Dubai - United Arab Emirates",https://nooralbaheya.com/,Construction company,,4.8,MEDIUM,55,,,,MEP contractors Business Bay Dubai
Standard Packing Materials Trading Company LLC,+971 4 355 5941,776W+JM9 - Al Souq Al Kabeer - Al Fahidi - Dubai - United Arab Emirates,http://www.stanpack.net/,Packaging supply store,,4.3,MEDIUM,55,,,,packaging companies Business Bay Dubai
Soficom General Trading LLC,+971 4 323 2369,City Bay Business Center - 426 - Hor Al Anz East - Dubai - United Arab Emirates,http://www.soficomgt.com/,Packaging company,,5,MEDIUM,55,,,,packaging companies Business Bay Dubai
Al Saadiya Movers & Cargo Packaging L.L.C,+971 56 802 9196,78G4+9MR - Al Murar - Dubai - United Arab Emirates,https://alsaadiyamoverspackagingllc.guru/,Packaging company,,5,MEDIUM,55,,,,packaging companies Business Bay Dubai
Print Outs,+971 4 241 7717,"G08, The Binary By Omniyat - Marasi Dr - Business Bay - Dubai - United Arab Emirates",http://www.printouts.ae/,Print shop,,4.7,HIGH,70,TARGET_LOCATION,,,packaging companies Business Bay Dubai
SME Electromechanical LLC,+971 4 513 6662,Clover Bay Tower - Marasi Dr - Business Bay - Dubai - United Arab Emirates,http://www.smeuae.com/,Corporate office,,3.4,HIGH,70,TARGET_LOCATION,,,electromechanical companies Business Bay Dubai
PACK2GO Packers & Movers Dubai,+971 4 323 2125,MAG Logsitics Park، Warehouse S09 - Al Quoz - Al Quoz 4 - Dubai - United Arab Emirates,http://www.pack2go.ae/,Mover,,5,MEDIUM,55,,,,packaging companies Business Bay Dubai
LIWA ELECTROMECHANICAL WORKS LLC,+971 4 513 9979,Opal Tower - Business Bay - Dubai - United Arab Emirates,https://www.google.com/maps/search/?api=1&query=LIWA%20ELECTROMECHANICAL%20WORKS%20LLC&query_place_id=ChIJIbWmkKdpXz4RCBNWVTISjp0,Contractor,,3.6,MEDIUM,55,TARGET_LOCATION,,,electromechanical companies Business Bay Dubai
Alex and Coldwell L.L.C,+971 4 367 2323,International Business Tower - Al Amal St - Business Bay - Dubai - United Arab Emirates,http://www.alexandcoldwell.com/,Contractor,,5,HIGH,70,TARGET_LOCATION,,,MEP contractors Business Bay Dubai
Electrician Dubai | Nojoom Al Amani Technical Services,+971 50 478 6627,"1914, Binary Tower - 32 Marasi Drive Street - Business Bay - Dubai - United Arab Emirates",https://www.electriciandubai.ae/,Electrician,,4.8,HIGH,70,TARGET_LOCATION,,,electromechanical companies Business Bay Dubai
Hamford electromechanical LLC,+971 58 591 8678,Prime Tower - Business Bay - Dubai - United Arab Emirates,https://www.google.com/maps/search/?api=1&query=Hamford%20electromechanical%20LLC&query_place_id=ChIJ_TFsi0FpXz4R65jvXmB7f1k,HVAC contractor,,5,MEDIUM,55,TARGET_LOCATION,,,electromechanical companies Business Bay Dubai
FAST SERVICE ELECTROMECHANICAL WORKS (L.L.C),+971 4 554 8884,Oxford Tower - Office 901 9th Floor - Business Bay - Dubai - United Arab Emirates,http://www.fastelectro.com/,Construction company,,3.7,HIGH,70,TARGET_LOCATION,,,electromechanical companies Business Bay Dubai
Unitrade FZE,+971 4 431 7350,57P6+XFJ - Business Bay - Dubai - United Arab Emirates,https://www.google.com/maps/search/?api=1&query=Unitrade%20FZE&query_place_id=ChIJp5Sy3NBpXz4RsWGpz2bBbKg,Packaging company,,,MEDIUM,55,TARGET_LOCATION,,,packaging companies Business Bay Dubai
Sigma Electromechanical Trading L.L.C.,+971 4 360 7772,Lake Central Tower - Office 1804 18th Floor - Business Bay - Dubai - United Arab Emirates,http://www.set-me.com/,Corporate office,,4.4,HIGH,70,TARGET_LOCATION,,,electromechanical companies Business Bay Dubai
Dubai Printing Press LLC | Offset- Digital Printing & Packaging Company in Dubai,+971 4 337 0344,68X7+65J - Khalid Bin Al Waleed Rd - Al Karama - Dubai - United Arab Emirates,https://dubaipp.com/,Commercial printer,,4.5,MEDIUM,55,,,,packaging companies Business Bay Dubai
SA Movers and Packers Dubai,+971 52 833 1318,"Aspin Commercial Tower - 704, 7th Floor - 106 Sheikh Zayed Rd - Trade Center First - Dubai - United Arab Emirates",https://samover.net/,Mover,,4.7,MEDIUM,55,,,,packaging companies Business Bay Dubai
NIVITREX ELECTROMECHANICAL WORKS CO. L.L.C,+971 4 241 8666,Empire Heights - Business Bay - Dubai - United Arab Emirates,https://www.google.com/maps/search/?api=1&query=NIVITREX%20ELECTROMECHANICAL%20WORKS%20CO.%20L.L.C&query_place_id=ChIJ3zRHUe1cXz4RWZRmDScKXQY,Engineering consultant,,3.8,MEDIUM,55,TARGET_LOCATION,,,electromechanical companies Business Bay Dubai
Prime Pack Manufacturing LLC,+971 50 494 4153,Umm Ramool - Dubai - United Arab Emirates,https://www.google.com/maps/search/?api=1&query=Prime%20Pack%20Manufacturing%20LLC&query_place_id=ChIJefEOh3ddXz4RxniJF6bowlA,Packaging company,,4.7,LOW,40,,,,packaging companies Business Bay Dubai
Queens Packing & Packaging,+971 4 285 5165,opposite Al Futtaim Bodyshop - Warehouse 1&2 - 11 13th St - Umm Ramool - Dubai - United Arab Emirates,https://www.google.com/maps/search/?api=1&query=Queens%20Packing%20%26%20Packaging&query_place_id=ChIJcUCIkptdXz4RDeU8MTy3e7Q,Packaging supply store,,4.3,LOW,40,,,,packaging companies Business Bay Dubai
Orange Peel Packaging Solutions LLC.,+971 4 568 1859,I-Rise tower 18th floor office No. C-15 - Barsha Heights - Dubai - United Arab Emirates,/url?q=http://www.orangepeelpackaging.com/&opi=79508299&sa=U&ved=0ahUKEwjxpJjVz4qRAxXzkIkEHZxsJ6oQ61gIFCgQ&usg=AOvVaw2qcPnoi4eUfHdOZBsLLJZY,Packaging company,,5,MEDIUM,55,,,,packaging companies Business Bay Dubai
Pr packing,+971 4 223 1377,Office 1004 - Marasi Dr - Business Bay - Dubai - United Arab Emirates,http://www.packman.app/,E commerce agency,,2.9,HIGH,70,TARGET_LOCATION,,,packaging companies Business Bay Dubai
Emcore Electromechanical Contracting LLC,+971 4 254 5422,26th St - Al Quoz - Al Quoz Industrial Area 4 - Dubai - United Arab Emirates,http://www.emcoreme.com/,HVAC contractor,,4.3,MEDIUM,55,,,,MEP contractors Business Bay Dubai
Federal Fix Technical Services,+971 54 300 4006,Clover Bay Tower - Office no. 1110 Marasi Dr - Business Bay - Dubai - United Arab Emirates,https://www.federalfix.com/,Repair service,,4.7,HIGH,70,TARGET_LOCATION,,,MEP contractors Business Bay Dubai
Matrix Prime Contracting LLC,+971 50 457 3226,Churchill Tower - Office No # 3311 - Al Amal St - Business Bay - Dubai - United Arab Emirates,https://www.google.com/maps/search/?api=1&query=Matrix%20Prime%20Contracting%20LLC&query_place_id=ChIJP_ZQTOlpXz4RzzYhTt2cESI,HVAC contractor,,5,MEDIUM,55,TARGET_LOCATION,,,MEP contractors Business Bay Dubai
AREC Engineering Consultant,+971 4 333 8488,BB08 - Office#702 - Business Bay - Bay Square - Dubai - United Arab Emirates,http://www.arec-eng.com/,Engineering consultant,,4.3,HIGH,70,TARGET_LOCATION,,,MEP contractors Business Bay Dubai
Safa marwa packing & packaging material trading,+971 58 187 8532,12D St - Al Karama - Dubai - United Arab Emirates,http://www.smpackdxbuae.com/,Packaging company,,4.5,MEDIUM,55,,,,packaging companies Business Bay Dubai
Consolidated Proserve Electromechanical Works L.L.C,+971 4 320 0428,Silver Tower - Office 905 Marasi Dr - Business Bay - Dubai - United Arab Emirates,https://www.google.com/maps/search/?api=1&query=Consolidated%20Proserve%20Electromechanical%20Works%20L.L.C&query_place_id=ChIJa7Q4c3RkXz4RFegua4xxBn8,Contractor,,4.2,MEDIUM,55,TARGET_LOCATION,,,MEP contractors Business Bay Dubai
Ambience Electromechanical LLC,+971 58 101 9575,Opal Tower - Office 301 -11 - Business Bay - Dubai - United Arab Emirates,https://ambiencemep.com/,Contractor,,,HIGH,70,TARGET_LOCATION,,,MEP contractors Business Bay Dubai
Al Jawadri Contracting LLC.,+971 50 568 3992,Bay View Tower - 1604 16th Floor - Business Bay - Dubai - United Arab Emirates,http://www.aljawadri.com/,Construction company,,5,HIGH,70,TARGET_LOCATION,,,MEP contractors Business Bay Dubai
Almoayyed Electromechanical Contracting LLC,+971 4 422 9857,Saheel 2 - Al Ittihad Rd - Al Nahda First - Al Nahda 1 - Dubai - United Arab Emirates,http://www.almoayyedcg.com/,Construction company,,4.7,MEDIUM,55,,,,MEP contractors Business Bay Dubai
MNA CONTRACTING L.L.C,+971 50 341 4792,"Near Al Nakheel Center, Burj Nahar Building, Office No.3 - Naif - Dubai - United Arab Emirates",https://mnagroup.ae/,Contractor,,4.9,MEDIUM,55,,,,MEP contractors Business Bay Dubai
International Electro-Mechanical Services Co LLC,+971 4 334 4003,"Building - Office 407, 4th Floor - Sheikh Rashid Rd - Oud Metha - Dubai Healthcare City - Dubai - United Arab Emirates",http://www.iemsc.com/,Mechanical contractor,,4.2,MEDIUM,55,,,,MEP contractors Business Bay Dubai
Krish Star General Trading LLC,+971 55 940 8732,Al QuozAl - 25 6A Street - Al Quoz - Al Quoz Industrial Area 3 - Dubai - United Arab Emirates,http://www.krishstargt.com/,Packaging company,,4.4,MEDIUM,55,,,,packaging companies Business Bay Dubai
Precision Plastic Products Company LLC,+971 4 310 5777,"Street # 7,Al Industrial Are 3,Opp Jotun Powder Coating - Dubai - United Arab Emirates",https://www.pdtmc.com/,Manufacturer,,4.2,MEDIUM,55,,,,packaging companies Business Bay Dubai
Falcon Pack Dubai,+971 4 328 4098,Unit no. 26 Al Wasl Rd - Al Safa First - Al Safa 1 - Dubai - United Arab Emirates,https://falconpack.com/,Packaging company,,4,MEDIUM,55,,,,packaging companies Business Bay Dubai
MAIL BOXES ETC - BAY SQUARE,+971 54 583 6905,"Business Bay, Bay Square Centers - BB13, Shop No. G01 - Ground Floor - Dubai - United Arab Emirates",https://mbegulf.com/,Courier service,,4.6,HIGH,70,TARGET_LOCATION,,,packaging companies Business Bay Dubai
"Hotpack Global Sales Center Jumeirah, Dubai - هوت باك مركز مبيعات دبي",+971 4 330 0944,Lamar Residence (SBK) - Al Wasl Rd - Jumeirah - Jumeira Third - Dubai - United Arab Emirates,http://www.hotpackglobal.com/,Packaging supply store,,3.9,MEDIUM,55,,,,packaging companies Business Bay Dubai
NAPCO Arabian Flexible Packaging L.L.C,+971 4 285 4400,69J9+Q54 - 13th St - Umm Ramool - Dubai - United Arab Emirates,http://www.arabianflexible.com/,Packaging company,,4,MEDIUM,55,,,,packaging companies Business Bay Dubai
Siba Star Packing Materials L.L.C,+971 50 548 3572,BEHIND SHAKLAN 3 NO SUPPERMARKET - Dubai - United Arab Emirates,https://www.google.com/maps/search/?api=1&query=Siba%20Star%20Packing%20Materials%20L.L.C&query_place_id=ChIJx4YO8odCXz4R0-gfRgqUwto,Packaging company,,5,LOW,40,,,,packaging companies Business Bay Dubai
Superior Pack Customised Packaging Manufacturer,+971 56 421 9630,"Deira - 24 Al Wuheida Street, Deira, Office M4, Royal House Building - Hor Al Anz East - Dubai - United Arab Emirates",https://www.superiorpackuae.com/,Packaging company,,4.8,MEDIUM,55,,,,packaging companies Business Bay Dubai
Consistent Engineering Consultants | MEP Consultants Dubai | MEP Engineering |,+971 4 386 0601,"67GM+796 & 2002, API World Tower - Office 2001 - Sheikh Zayed Rd - opp. Dubai World - Trade Center First - Dubai - United Arab Emirates",http://www.consistentconsultants.com/,Engineering consultant,,3.9,MEDIUM,55,,,,MEP contractors Business Bay Dubai
Elite International MEP Work,+971 52 940 0012,Damascus Street - Al Qusais Ind. Second - Al Qusais Industrial Area 2 - Dubai - United Arab Emirates,https://www.google.com/maps/search/?api=1&query=Elite%20International%20MEP%20Work&query_place_id=ChIJ8eIFUXldXz4RFCP-ziOr3AU,Construction company,,5,LOW,40,,,,MEP contractors Business Bay Dubai
"LAADS | Construction Company in Dubai, UAE | Interior Fit Out, MEP, HVAC Company in Dubai, UAE",+971 4 347 5730,Warehouse - 6 6B Street - Al Quoz - Al Quoz Industrial Area 3 - Dubai - United Arab Emirates,https://www.laads.ae/,Construction company,,4.5,MEDIUM,55,,,,MEP contractors Business Bay Dubai
MEPTEQ ELECTROMECHANICAL WORKS LLC,+971 4 227 3744,"Abraj, Al Mamzar Building - Tower A 54 St - Al Mamzar - Deira - Dubai - United Arab Emirates",http://www.meptequae.com/,Corporate office,,5,MEDIUM,55,,,,MEP contractors Business Bay Dubai
MEP Home Maintenance Solution Dubai,+971 56 648 6239,57 6th St - Al Quoz - Al Qouz Ind.first - Dubai - United Arab Emirates,http://www.mep-solution.com/,Air conditioning repair service,,3.5,MEDIUM,55,,,,MEP contractors Business Bay Dubai
Nottingham Mechanical and Electrical Consulting Engineers,+971 4 443 3727,802 Dubai Fountain St - Business Bay - Dubai - United Arab Emirates,http://www.nottingham-mep.com/,Design engineer,,4.1,HIGH,70,TARGET_LOCATION,,,MEP contractors Business Bay Dubai
Bilt Middle East LLC,+971 4 343 9798,57P4+X3R Addiyar Building - Sheikh Zayed Rd - Al Wasl - Dubai - United Arab Emirates,http://www.abmgroup.ae/,Construction company,,3.9,MEDIUM,55,,,,MEP contractors Business Bay Dubai
Spot packing and packaging materials trading LLC,+971 50 250 0321,Hotel - behind Gulf Inn - Oud Metha - Dubai - United Arab Emirates,https://www.google.com/maps/search/?api=1&query=Spot%20packing%20and%20packaging%20materials%20trading%20LLC&query_place_id=ChIJHaj-PcpDXz4R3P23adefcdc,Packaging company,,5,LOW,40,,,,packaging companies Business Bay Dubai
SETH INT'L,+971 4 553 2663,ETA Star Manara Tower - 2504 - Business Bay - Dubai - United Arab Emirates,https://www.sethnco.com/?utm_source=gmb&utm_medium=Google+My+Business&utm_id=MyBusinessPage,Air conditioning contractor,,4.8,HIGH,70,TARGET_LOCATION,,,MEP contractors Business Bay Dubai
Hadanco Packaging Solutions LLC,+971 4 328 5472,"Warehouse # 12, Plot # 364-363 - Dubai - United Arab Emirates",http://www.hadanco.com/,Packaging company,,5,MEDIUM,55,,,,packaging companies Business Bay Dubai
Barbhaya Industries LLC,+971 4 224 6543,Warehouse - 1 - Plot No.295-0 Ras Al Khor Rd - Ras Al Khor Industrial Area 2 - Dubai - United Arab Emirates,http://www.barbhayaindustries.com/,Manufacturer,,5,MEDIUM,55,,,,packaging companies Business Bay Dubai
"Pinnacle Packing Industries, LLC",+971 4 338 1786,3 4a St - Al Quoz - Al Qouz Ind.first - Dubai - United Arab Emirates,https://www.ppiuae.net/,Packaging company,,4.3,MEDIUM,55,,,,packaging companies Business Bay Dubai
Dubai Mover,+971 55 301 3309,"Oxford Tower, Office No.1102b - Business Bay - Dubai - United Arab Emirates",https://www.dubaimover.ae/,Moving and storage service,,5,HIGH,70,TARGET_LOCATION,,,packaging companies Business Bay Dubai
PROFIT PACKAGING SOLUTIONS,+971 58 574 5060,Almostqbal Business bay - exchange tower - Dubai - United Arab Emirates,https://www.instagram.com/profit.advance?igsh=bDl0MGo0czlkOW1n&utm_source=qr,Packaging company,,,HIGH,70,TARGET_LOCATION,,,packaging companies Business Bay Dubai
Cubitic Contracting L.L.C.,+971 4 881 7722,"Empire Heights Tower B A, 401 - Dubai - United Arab Emirates",https://www.google.com/maps/search/?api=1&query=Cubitic%20Contracting%20L.L.C.&query_place_id=ChIJJ0aEWiRoXz4R711On6Nc1uY,Contractor,,4.6,LOW,40,,,,MEP contractors Business Bay Dubai
One Modern World,+971 4 256 4455,"Empire One Business Centre, The Oberoi Centre - Business Bay - Dubai - United Arab Emirates",https://www.onemodernworld.com/,Packaging company,,,HIGH,70,TARGET_LOCATION,,,packaging companies Business Bay Dubai
Empire State Electro Mechanical LLC,+971 4 336 2814,"Hadaeq Mohammed Bin Rashid, The Curve - Post box no: 234047, Office suit no: M41 - building 63 Sheikh Zayed Rd - Dubai - United Arab Emirates",https://empirestategroup.ae/,Construction company,,4.2,MEDIUM,55,,,,MEP contractors Business Bay Dubai
Pluto Electro-Mechanical Contracting Company L.L.C Dubai Branch,+971 4 298 4894,Office No. 405 Court Tower - Dubai - United Arab Emirates,http://www.plutoemc.com/,Contractor,,3.9,MEDIUM,55,,,,MEP contractors Business Bay Dubai
Delta MEP Electromechanical LLC,+971 4 338 7575,Demo Shield LLC - 101 Al Nahda St - Al Qusais - Al Qusais 1 - Dubai - United Arab Emirates,http://www.delta-mep.com/,Construction company,,3.8,MEDIUM,55,,,,MEP contractors Business Bay Dubai
Power Carton Boxes Dubai,+971 55 608 6660,32A Street - Umm Ramool - Dubai - United Arab Emirates,https://www.powercarton.com/,Packaging company,,4.6,MEDIUM,55,,,,packaging companies Business Bay Dubai
MAK movers Dubai,+971 50 150 9043,"Al marar al Ansari exchange building, office number 119 - Dubai - United Arab Emirates",https://www.google.com/maps/search/?api=1&query=MAK%20movers%20Dubai&query_place_id=ChIJ_9yYTpdDXz4RBEKZbsB0aow,Packaging company,,4.8,LOW,40,,,,packaging companies Business Bay Dubai
Al Shirawi Electrical and Mechanical Engineering Co. L.L.C.,+971 4 333 7644,"Building No.26, St. 8A, Near Al Abbas Glass Factory، - Dubai - United Arab Emirates",http://engineering.alshirawi.com/,Mechanical contractor,,4.1,MEDIUM,55,,,,MEP contractors Business Bay Dubai
Dua Al Tarteeb technical services (MEP Dubai),+971 55 360 0496,"F1rst Motors ,Ground Floor - Sheikh Zayed Rd - Al Quoz - Al Quoz 1 - Dubai - United Arab Emirates",http://www.mepdubai.com/,Building restoration service,,5,MEDIUM,55,,,,MEP contractors Business Bay Dubai
"Al Sidra Technical Services LLC ( Interior Fit out Contractors, Mep Contractor, Dewa approved Contractor, HVAC Contractor )",+971 55 440 4312,"OFFICE-1143, 1ST FLOOR,PRINCES CAR SHOWROOM BUILDING,NEAR TO OASIS CENTRE,SHEIKH ZAYED ROAD - Dubai - United Arab Emirates",http://alsidras.com/,Interior fitting contractor,,4.5,MEDIUM,55,,,,MEP contractors Business Bay Dubai
Falcon Pack Dubai,+971 4 285 2050,Al Kheeran - Dubai Festival City - Dubai - United Arab Emirates,https://falconpack.com/,Packaging company,,4.3,MEDIUM,55,,,,packaging companies Business Bay Dubai
Gulf East Paper & Plastic Ind,+971 4 347 5289,Warehouse - 23 Street 16b - Al Quoz - Al Quoz Industrial Area 3 - Dubai - United Arab Emirates,http://gulfeastpack.com/,Packaging company,,4.4,MEDIUM,55,,,,packaging companies Business Bay Dubai
Idea Star Packing Materials Company LLC,+971 55 972 5112,Post Box number: 115299 - 26th St - Al Quoz - Al Qouz Ind.fourth - Dubai - United Arab Emirates,https://www.ideastarpackingmaterials.com/,Moving supply store,,4.8,MEDIUM,55,,,,packaging companies Business Bay Dubai
Jebel Pack LLC,+971 4 347 7646,10360 - Street - 20C St - Dubai - United Arab Emirates,http://www.jebelpack.com/,Packaging company,,4,MEDIUM,55,,,,packaging companies Business Bay Dubai
Duboxx Packaging LLC,+971 4 546 8455,"Warehouse No 5, Gate No 80, Plot 363-364 - Al Quoz Industrial Area 1 - Dubai - United Arab Emirates",https://www.duboxx.ae/,Moving supply store,,4.9,MEDIUM,55,,,,packaging companies Business Bay Dubai
ZOSS PACK,+971 4 552 6845,DAMAC Business Tower 810 - Business Bay - Dubai - United Arab Emirates,https://www.zoss.ae/,Packaging company,,5,HIGH,70,TARGET_LOCATION,,,packaging companies Business Bay Dubai
Alfam Packing And Packaging Materials Trading LLC,+971 50 143 4767,461 sheik zayed road - 1 - Al Quoz - Al Quoz 1 - Dubai - United Arab Emirates,https://alfampack.ae/,Packaging company,,5,MEDIUM,55,,,,packaging companies Business Bay Dubai
Dubai Printing & Packaging Company,+971 56 473 7873,Aspin Commercial Tower - Aspin - Sheikh Zayed Rd - Trade Center First - Dubai - United Arab Emirates,https://www.google.com/maps/search/?api=1&query=Dubai%20Printing%20%26%20Packaging%20Company&query_place_id=ChIJmV9gNn1pXz4REm2yuN-0RPk,Packaging company,,4.6,LOW,40,,,,packaging companies Business Bay Dubai
ECO PACK GOODS WHOLESALERS TRADING LLC,+971 55 731 9797,BLUE BAY TOWER - OFFICE NO 621 - Marasi Dr - Business Bay - Dubai - United Arab Emirates,http://www.ecopackllc.ae/,Packaging company,,5,HIGH,70,TARGET_LOCATION,,,packaging companies Business Bay Dubai
LiVAR Manufacturer,+971 50 818 3982,Al Manara Tower - Office 2101 - Business Bay - Dubai - United Arab Emirates,https://livar.ae/,Manufacturer,,5,HIGH,70,TARGET_LOCATION,,,packaging companies Business Bay Dubai
"SERVE RIGHT PACKAGING - Branding, Packaging&Manufacturing",+971 52 680 9027,"Metro Station, Al Moosa Tower 2 - Sheikh Zayed Rd - near Emirates office Tower - Trade Center First - Dubai - United Arab Emirates",https://serveright.ae/,Packaging company,,5,MEDIUM,55,,,,packaging companies Business Bay Dubai
Galaxy Plast LLC,+971 4 320 2762,81 11A Street - Ras Al Khor Industrial Area 2 - Dubai - United Arab Emirates,https://galaxyplast.com/,Packaging company,,4.8,MEDIUM,55,,,,packaging companies Business Bay Dubai
Habllen Packaging,+971 55 850 6434,Business Bay - Dubai - United Arab Emirates,https://habllen.com/,Packaging company,,4.9,HIGH,70,TARGET_LOCATION,,,packaging companies Business Bay Dubai
"FORWARD FOCUSED LLC - Branding, Packaging & Manufacturing of coffee cups and coffee bags",+971 55 296 1215,Al Garhoud - Dubai - United Arab Emirates,https://www.forwardfocused.ae/,Packaging company,,4.9,MEDIUM,55,,,,packaging companies Business Bay Dubai
Mep Land,+971 4 448 8516,Office no 313 Oud Metha Offices - opp. Raffles Hotel - Umm Hurair Second - Dubai - United Arab Emirates,https://mep-land.com/,Mechanical contractor,,4.9,MEDIUM,55,,,,MEP contractors Business Bay Dubai
HACO - Haleem Afzal Electro-Mechanical Contracting LLC,+971 4 263 2990,"Floor - 23, The Oberoi Center - Business Bay - Dubai - United Arab Emirates",https://www.google.com/maps/search/?api=1&query=HACO%20-%20Haleem%20Afzal%20Electro-Mechanical%20Contracting%20LLC&query_place_id=ChIJVRF6m-5pXz4RzU48HOylfwg,Mechanical contractor,,5,MEDIUM,55,TARGET_LOCATION,,,MEP contractors Business Bay Dubai
"GREEN PACKAGING, DUBAI",+971 6 522 0304,Business Bay - Dubai - United Arab Emirates,https://www.google.com/maps/search/?api=1&query=GREEN%20PACKAGING%2C%20DUBAI&query_place_id=ChIJ2VGV0uJpXz4R9wA073OJpM4,Packaging company,,5,MEDIUM,55,TARGET_LOCATION,,,packaging companies Business Bay Dubai
Professional Engineers Electro Mechanical Contracting (PECO MEP),+971 4 343 1333,"Apricot Tower, Dubai Silicon Oasis 7th Floor, Office No: 702 - Dubai - United Arab Emirates",http://www.peco.ae/,Construction company,,4.4,MEDIUM,55,,,,MEP contractors Business Bay Dubai
Union Falcon MEP Contracting,+971 4 393 6616,773V+97F - 4C St - Al Mankhool - Dubai - United Arab Emirates,https://www.google.com/maps/search/?api=1&query=Union%20Falcon%20MEP%20Contracting&query_place_id=ChIJqc-aZhRDXz4Ruj47bnk0QIM,Electrical installation service,,4.7,LOW,40,,,,MEP contractors Business Bay Dubai
PGCOM Electro Mechanical LLC,+971 4 523 2407,"Dubai World Trade Centre - One Central, The Offices 1, Level 2 Dubai World Trade Centre - Dubai - United Arab Emirates",https://www.google.com/maps/search/?api=1&query=PGCOM%20Electro%20Mechanical%20LLC&query_place_id=ChIJ1U_z1wVDXz4RYXm6cfZ51Xs,Construction company,,5,LOW,40,,,,MEP contractors Business Bay Dubai
Multiline Electro Mechanical LLC - MEP contractor | Electromechanical Contractors in UAE,+971 4 343 4498,Al Attar Tower - Suit No.602 - Sheikh Zayed Rd - Dubai - United Arab Emirates,https://multilineprojects.com/,Engineering consultant,,4.1,MEDIUM,55,,,,MEP contractors Business Bay Dubai
Beam Group,+971 4 422 6185,"5th Floor, Office#501 & 508 Damac Building, XL Tower, Business Bay Box: 52732 - Dubai - United Arab Emirates",http://www.beamcointl.com/,Contractor,,4.3,HIGH,70,TARGET_LOCATION,,,MEP contractors Business Bay Dubai
Noor MEP,+971 55 199 6077,Souk - Al Thanyah Third - The Greens - Dubai - United Arab Emirates,https://www.google.com/maps/search/?api=1&query=Noor%20MEP&query_place_id=ChIJD-PILHdrXz4RSZTY5TEYQs0,Construction company,,4.9,LOW,40,,,,MEP contractors Business Bay Dubai
MEPTECH (LLC),+971 4 491 9004,Single Business Tower - Business Bay - Dubai - United Arab Emirates,http://www.meptechuae.com/,Mechanical contractor,,4.3,HIGH,70,TARGET_LOCATION,,,MEP contractors Business Bay Dubai
WADY AHMR MEP Design Management,+971 58 289 4080,Nadd Al Hamar - Dubai - United Arab Emirates,https://www.google.com/maps/search/?api=1&query=WADY%20AHMR%20MEP%20Design%20Management&query_place_id=ChIJKZbfy1pdXz4R_Ws8QjoHB3c,Construction company,,4.9,LOW,40,,,,MEP contractors Business Bay Dubai
Conversion Electromechanical Works,+971 4 295 2727,Al Serkal Building - 2 floor 8 office - 806 Sheikh Rashid Rd - Port Saeed - Deira - Dubai - United Arab Emirates,https://www.google.com/maps/search/?api=1&query=Conversion%20Electromechanical%20Works&query_place_id=ChIJLUyVLt5cXz4RXX7LvgkJSkA,Construction company,,4.4,LOW,40,,,,MEP contractors Business Bay Dubai
Gemco group,+971 58 551 2526,Bay View Tower 708 - Dubai - United Arab Emirates,https://gemcogroup.ae/,Construction company,,4.4,MEDIUM,55,,,,MEP contractors Business Bay Dubai
AL TAQA ELECTROMECHANIC CONTRACTOR الطاقة للمقاولات الكهروميكانيك,+971 52 505 0642,"The Binary by, Omniyat The Pad - P407, Floor - P4 Marasi Dr - Business Bay - Dubai - United Arab Emirates",https://www.google.com/maps/search/?api=1&query=AL%20TAQA%20ELECTROMECHANIC%20CONTRACTOR%20%D8%A7%D9%84%D8%B7%D8%A7%D9%82%D8%A9%20%D9%84%D9%84%D9%85%D9%82%D8%A7%D9%88%D9%84%D8%A7%D8%AA%20%D8%A7%D9%84%D9%83%D9%87%D8%B1%D9%88%D9%85%D9%8A%D9%83%D8%A7%D9%86%D9%8A%D9%83&query_place_id=ChIJ_c4D0p9zXz4RJlxNnh9RyaU,Construction company,,5,MEDIUM,55,TARGET_LOCATION,,,MEP contractors Business Bay Dubai
Yartek electromechanical contracting L.L.C,+971 4 394 0788,Business Bay - Dubai - United Arab Emirates,http://www.yartekmep.com/,Construction company,,4.5,HIGH,70,TARGET_LOCATION,,,MEP contractors Business Bay Dubai
Dubai Packaging Industries,+971 4 333 0444,Ras Al Khor Industrial Area 2 - Dubai - United Arab Emirates,https://www.google.com/maps/search/?api=1&query=Dubai%20Packaging%20Industries&query_place_id=ChIJP-v4dwBnXz4R-UnuVgFB8YM,Packaging company,,4.2,LOW,40,,,,packaging companies Business Bay Dubai
MASAR AL MASDAR TECHNICAL SERVICES L.L.C #FITOUT #RENOVATION #MEP #AMC #INSPECTIONS,+971 56 806 2318,Clover Bay Tower - 101 - Dubai - United Arab Emirates,https://www.mamrtech.com/,HVAC contractor,,4.7,MEDIUM,55,,,,MEP contractors Business Bay Dubai
Infinity Building Contracting-IBC,+971 55 397 3485,"Office 2006, Iris Bay - Business Bay - Dubai - United Arab Emirates",https://www.google.com/maps/search/?api=1&query=Infinity%20Building%20Contracting-IBC&query_place_id=ChIJ_wA1DWyeGqYRRhk7-hs-sAM,Construction company,,4.5,MEDIUM,55,TARGET_LOCATION,,,building contractors Business Bay Dubai
McMaster Electromechanical Works LLC,+971 50 333 2994,Asayel St - Business Bay - Bay Square - Dubai - United Arab Emirates,http://www.mcmaster.ae/,HVAC contractor,,4.5,HIGH,70,TARGET_LOCATION,,,MEP contractors Business Bay Dubai
Elitelandmark Construction LLC,+971 4 553 0890,26X7+MXW - Al Barsha South Fourth - Jumeirah Village Circle - Dubai - United Arab Emirates,http://www.elcondubai.co/,Construction company,,3.7,HIGH,70,TARGET_LOCATION,,,construction contractors JVC Dubai
Team Global Sources Electromechanical LLC,+971 54 753 1219,Arenco Building 4 - Office 117 - 1 - Dubai Investment Park - Dubai - United Arab Emirates,https://www.teamglobaluae.com/,Construction company,,5,MEDIUM,55,,,,electromechanical companies JVC Dubai
Metro Electromechanical LLC,+971 4 286 2284,Al Khazan Building - Office No - 12 Nad Al Hamar Rd - Al Rashidiya - Dubai - United Arab Emirates,http://www.metro-gulf.com/,Utility contractor,,4.2,MEDIUM,55,,,,electromechanical companies JLT Dubai
Bassem Elkashef building contracting llc,+971 55 584 3995,Prime Business Centre - Al Barsha South Fourth - Jumeirah Village Circle - Dubai - United Arab Emirates,https://www.google.com/maps/search/?api=1&query=Bassem%20Elkashef%20building%20contracting%20llc&query_place_id=ChIJYc_zFQBtXz4R4qcMIG8X2sI,Construction company,,,MEDIUM,55,TARGET_LOCATION,,,construction contractors JVC Dubai
TaaB Electro Mechanical L L C,+971 4 254 4588,"Ali Saeed Abdullah Bel Hab, Al Ameri Building - Office No:202 - Damascus Street - Al Qusais - Al Qusais Industrial Area 1 - Dubai - United Arab Emirates",https://www.taabmep.com/,Construction company,,5,MEDIUM,55,,,,electromechanical companies JVC Dubai
Blue Zone Electromechanical LLC,+971 4 254 0871,Al Khabaisi - Deira - Dubai - United Arab Emirates,https://www.google.com/maps/search/?api=1&query=Blue%20Zone%20Electromechanical%20LLC&query_place_id=ChIJ_-AesdxcXz4R9N2jiomKNR4,Contractor,,3.7,LOW,40,,,,electromechanical companies JLT Dubai
Emitech Technical Services LLC- MEP Contractors in Dubai| Facility Management and Fit Out Companies in Dubai,+971 4 264 1051,Garhoud Star Building - 301 - Dubai - United Arab Emirates,https://www.google.com/maps/search/?api=1&query=Emitech%20Technical%20Services%20LLC-%20MEP%20Contractors%20in%20Dubai%7C%20Facility%20Management%20and%20Fit%20Out%20Companies%20in%20Dubai&query_place_id=ChIJcXSDAhxdXz4ROlvCsZo-Gh8,Contractor,,2.7,LOW,40,,,,electromechanical companies JLT Dubai
IWIN Electrical & Plumbing Works LLC,+971 4 447 4158,Marasi Dr - Business Bay - Dubai - United Arab Emirates,http://iwinuae.com/,Contractor,,4.4,HIGH,70,TARGET_LOCATION,,,electromechanical companies JLT Dubai
Westar Properties,+971 4 558 6396,"Prime Business Centre - Suite 1101A, JVC - Dubai - United Arab Emirates",http://www.westarproperties.com/,Real estate developer,,4.5,HIGH,70,TARGET_LOCATION,,,construction contractors JVC Dubai
MultiTask Technical Services LLC,+971 56 990 6477,Tower - Jumeirah Lake Towers - Dubai - United Arab Emirates,http://multitask-tech.com/,Waterproofing service,,4.6,MEDIUM,55,,,,construction companies JLT Dubai
Trinity MEP Contracting LLC,+971 4 338 6070,Arenco Office Building 3 - Green Community Village - Dubai Investment Park First - Dubai - United Arab Emirates,http://tes-mep.com/,Electrical engineer,,4.1,MEDIUM,55,,,,electromechanical companies JVC Dubai
Prestige One Developments,+971 800 77378443,Marina Plaza - Office No. 1602 - 1604 16th Floor - Marsa Dubai - Dubai Marina - Dubai - United Arab Emirates,https://www.google.com/maps/search/?api=1&query=Prestige%20One%20Developments&query_place_id=ChIJFenHk1dtXz4RqIOOdT-2XOc,Real estate developer,,4.9,LOW,40,,,,construction companies JLT Dubai
Jasaf Building Technology,+971 4 347 7177,Jebel Ali Industrial Area - Jabal Ali Industrial First - Dubai - United Arab Emirates,https://www.jasaf.com/,Construction company,,4.2,MEDIUM,55,,,,electromechanical companies JVC Dubai
FOCUS POINT ELECTROMECHANICAL WORKS L.L.C,+971 50 371 9225,Deira - Naif - Dubai - United Arab Emirates,https://www.google.com/maps/search/?api=1&query=FOCUS%20POINT%20ELECTROMECHANICAL%20WORKS%20L.L.C&query_place_id=ChIJl3rib19DXz4RjgtKR1gs3YI,Construction company,,4.5,LOW,40,,,,electromechanical companies JVC Dubai
DECENT ENGINEERING METAL CONTRACTING CO (L.L.C) DUBAI BRANCH,+971 4 340 9579,Sheikh Zayed Rd - Jabal Ali Second - Dubai - United Arab Emirates,https://www.google.com/maps/search/?api=1&query=DECENT%20ENGINEERING%20METAL%20CONTRACTING%20CO%20(L.L.C)%20DUBAI%20BRANCH&query_place_id=ChIJkzzMHk8TXz4RkWL0Z0xn_7U,Steel construction company,,5,LOW,40,,,,construction companies JLT Dubai
SnapCrowd printing and packaging,+971 56 567 4764,Prime Tower - Business Bay - Dubai - United Arab Emirates,https://wa.me/971503923237,Packaging company,,5,HIGH,70,TARGET_LOCATION,,,packaging companies Business Bay Dubai
Wood Group Consolidated Contractors Co,+971 4 424 3839,34CR+VJR - Sheikh Zayed Rd - Al Thanyah Fifth - Dubai - United Arab Emirates,https://www.google.com/maps/search/?api=1&query=Wood%20Group%20Consolidated%20Contractors%20Co&query_place_id=ChIJm6_5bKxsXz4RMFnQRYm26lA,Construction company,,3,LOW,40,,,,construction companies JLT Dubai
Real Time Electromechanical LLC,+971 4 398 0906,WARE HOUSE 1 AL QUSAIS IND 3 - Dubai - United Arab Emirates,http://www.realtime.ae/,Contractor,,4.8,MEDIUM,55,,,,electromechanical companies JVC Dubai
ID&C DMCC,+971 55 996 5252,HDS Tower - Office No 604 6th floor - Jumeirah Lake Towers - Dubai - United Arab Emirates,http://idc-int.com/,Construction company,,5,MEDIUM,55,,,,construction companies JLT Dubai
Interlock garden co llc,+971 56 118 1700,359F+F9M - Al Thanyah Fourth - Emirates Hills - Dubai - United Arab Emirates,https://www.google.com/maps/search/?api=1&query=Interlock%20garden%20co%20llc&query_place_id=ChIJ5zl7mBltXz4RJjqAMncoNsA,Construction company,,5,LOW,40,,,,construction companies JLT Dubai
Immersion Interior Design LLC,+971 4 328 5200,"BB2, Mazaya Business Avenue - Office 2306 , BB2 - Dubai - United Arab Emirates",https://immersiondesigns.com/,Interior designer,,4.5,MEDIUM,55,,,,construction companies JLT Dubai
Airolink Building Contracting LLC (Corporate Office),+971 4 447 3448,Business Central Towers - 25th floor - B - Dubai Media City - Dubai - United Arab Emirates,http://www.airolinkgroup.com/,Construction company,,4,MEDIUM,55,,,,construction contractors JLT Dubai
SKJ CREATIVE CONTRACTING COMPANY LLC,+971 4 238 1217,Salem Rashid Saeed Al Maqoodi Al Falasi - Warehouse No. 1 - Ras Al Khor - Ind -1 - Dubai - United Arab Emirates,https://skjccc.com/,Contractor,,4.8,MEDIUM,55,,,,construction contractors JLT Dubai
Albilal Group,+971 4 458 5101,"No.3702, Mazaya Business Avenue - Tower AA1 - Dubai - United Arab Emirates",https://www.albilalgroup.com/,General contractor,,4.4,MEDIUM,55,,,,construction contractors JLT Dubai
Ecotra DMCC,+971 4 247 2793,"JLT, Almas Tower, 11th Floor, Office No. 11C - Dubai - United Arab Emirates",https://www.google.com/maps/search/?api=1&query=Ecotra%20DMCC&query_place_id=ChIJZdJxBHFtXz4RPHC6Wa-y5xQ,Civil engineering company,,,MEDIUM,55,TARGET_LOCATION,,,construction companies JLT Dubai
Al Ghaima Engineering Company LLC,+971 56 335 9005,14 Second Industrial St - Industrial Area 6 - Industrial Area - Sharjah - United Arab Emirates,https://www.ghaimagroup.com/,Electric motor repair shop,,4.5,MEDIUM,55,,,,electromechanical companies JVC Dubai
Green Group,+971 4 244 6348,"| 31st Floor | Dubai Marina |, Marina Plaza - Sheikh Zayed Rd - Marsa Dubai - Dubai Marina - Dubai - United Arab Emirates",http://greengroup.ae/,Real estate developer,,4.6,MEDIUM,55,,,,construction companies JLT Dubai
MEPWER Electromechanical Contracting L.L.C,+971 4 228 6068,Darwish Building - Office No : 209 - Al Qusais Industrial Area - Al Qusais Industrial Area 4 - Dubai - United Arab Emirates,http://www.mepwer.com/,Electrical installation service,,5,MEDIUM,55,,,,electromechanical companies JVC Dubai
Pemmi International Electromechanical LLC,+971 4 582 0979,"USH - Union Square House, Warehouse # 2 - Ras Al Khor Industrial Area 3 - Dubai - United Arab Emirates",https://www.pemmiuae.com/,HVAC contractor,,4.5,MEDIUM,55,,,,electromechanical companies JVC Dubai
Powerserve ELECTROMECHANICAL,+971 4 263 3026,Warehouse 5 Baghdad Street - behind Bin Shabib Mall - Al Qusais Industrial Area - Al Qusais Industrial Area 1 - Dubai - United Arab Emirates,http://www.powerserve.ae/,Construction company,,4.2,MEDIUM,55,,,,electromechanical companies JVC Dubai
Carawan Electrical & Mechanical works LLC,+971 4 258 3305,Al Qusais Industrial Area - Al Qusais Industrial Area 1 - Dubai - United Arab Emirates,http://www.carawanmep.com/,Electrical installation service,,4.3,MEDIUM,55,,,,electromechanical companies JVC Dubai
Current Engineering Services LLC,+971 4 338 8818,20 10b St - Umm Ramool - Dubai - United Arab Emirates,https://www.google.com/maps/search/?api=1&query=Current%20Engineering%20Services%20LLC&query_place_id=ChIJeQlrwZldXz4RLPsnP9lqoGs,Mechanical contractor,,4.8,LOW,40,,,,electromechanical companies JVC Dubai
COLOURTRACK ELECTROMECHANICAL LLC,+971 4 269 1994,"Al Mansour Building - 401, Al - Damascus Street - Al Qusais 2 - Dubai - United Arab Emirates",http://www.colourtrack.com/,Contractor,,4,MEDIUM,55,,,,electromechanical companies JVC Dubai
JAAS Electromechanical L.L.C,+971 4 258 3097,Al Qusais Ind. Second - Al Qusais Industrial Area 2 - Dubai - United Arab Emirates,https://www.google.com/maps/search/?api=1&query=JAAS%20Electromechanical%20L.L.C&query_place_id=ChIJGddvkSJcXz4REHenC9Lmyt0,Construction company,,5,LOW,40,,,,electromechanical companies JLT Dubai
nojoom al nakheel electrical maintenance work,+971 55 819 3318,Mall - near to Spinneys Uptown Uptown - Mirdif - Dubai - United Arab Emirates,https://nanfixing.com/,Electrician,,4.9,MEDIUM,55,,,,electromechanical companies JLT Dubai
Al Fikree Electromechanical LLC,+971 4 269 3080,"217, 2nd Floor, Arenco Building 4, Dubai Investment Park 1 - Dubai - United Arab Emirates",http://www.alfikriuae.com/,Construction company,,,MEDIUM,55,,,,electromechanical companies JVC Dubai
MAC ELECTROMECHANICAL ENGINEERING CONTRACTING LLC,+971 4 238 8806,Al Qusais Ind. Second - Al Qusais Industrial Area 2 - Dubai - United Arab Emirates,https://www.google.com/maps/search/?api=1&query=MAC%20ELECTROMECHANICAL%20ENGINEERING%20CONTRACTING%20LLC&query_place_id=ChIJp4sr8pRdXz4RFcL2m8GDtIs,Corporate office,,4.3,LOW,40,,,,electromechanical companies JVC Dubai
Win Gate Electromechanical Services LLC,+971 4 269 4535,Al Wuheida St - Hor Al Anz East - Deira - Dubai - United Arab Emirates,https://wingateintl.com/,Engineering consultant,,3.5,MEDIUM,55,,,,electromechanical companies JVC Dubai
Ecocon industries,+971 4 454 2419,JBC 3 - Al Thanyah Fifth - Dubai - United Arab Emirates,https://www.google.com/maps/search/?api=1&query=Ecocon%20industries&query_place_id=ChIJ2bMuWKZsXz4R1u0z_gwRotk,Construction company,,5,LOW,40,,,,construction companies JLT Dubai
Living Garden JVC - LOOTAH,+971 4 607 9000,District 14 - JVC - Dubai - United Arab Emirates,http://lootahdev.com/,Real estate developer,,4.5,HIGH,70,TARGET_LOCATION,,,construction contractors JVC Dubai
BELCO Electromechanical LLC Dubai,+971 4 222 8820,Baniyas Rd - Al Rigga - Deira - Dubai - United Arab Emirates,http://www.belcomep.ae/,Contractor,,3.9,MEDIUM,55,,,,electromechanical companies JLT Dubai
Xylem Electromechanical LLC | MEP Contractor in Dubai | Electrical | Plumbing | HVAC,+971 50 905 2061,Al Qusais Industrial Area - Al Qusais Industrial Area 1 - Dubai - United Arab Emirates,https://xylemem.com/,Mechanical contractor,,4,MEDIUM,55,,,,electromechanical companies JLT Dubai
FRANKAIR Electromechanical Co. LLC,+971 4 267 5244,Al Qusais Ind. Second - Al Qusais Industrial Area 2 - Dubai - United Arab Emirates,https://www.google.com/maps/search/?api=1&query=FRANKAIR%20Electromechanical%20Co.%20LLC&query_place_id=ChIJB870dH5cXz4RHs8czCeOEFA,Mechanical contractor,,5,LOW,40,,,,electromechanical companies JLT Dubai
Renoway - Interior Design & Renovation Company,+971 58 993 2187,Binghatti Emerald - JVC - Office 211 - Dubai - United Arab Emirates,https://renoway.ae/,Interior fitting contractor,,5,HIGH,70,TARGET_LOCATION,,,construction contractors JVC Dubai
Btu Electromechanical Works LLC,+971 50 849 1725,"405, Block B - near Deira Clocktower - Business Village - Dubai - United Arab Emirates",https://www.btullc.com/,HVAC contractor,,5,MEDIUM,55,,,,electromechanical companies JLT Dubai
Al Asmi Group,+971 56 883 4003,Boulivard Adham - jvc - Adham Boulevard - Al Barsha South Fourth - Jumeirah Village Circle - Dubai - United Arab Emirates,https://www.google.com/maps/search/?api=1&query=Al%20Asmi%20Group&query_place_id=ChIJx8FrQ4NtXz4R9rBcB-niIQc,Real estate developer,,,MEDIUM,55,TARGET_LOCATION,,,construction contractors JVC Dubai
Artistic Heights,+971 4 328 9786,3675+7CQ - Al Barsha South Fourth - Jumeirah Village Circle - Dubai - United Arab Emirates,https://www.google.com/maps/search/?api=1&query=Artistic%20Heights&query_place_id=ChIJZerzLzdsXz4RTlo3zXO_noc,Real estate developer,,3.4,MEDIUM,55,TARGET_LOCATION,,,construction contractors JVC Dubai
Al Masaood National General Contracting LLC,+971 4 452 4710,Dubai Production City Makateb Building 4Offices 507 & 508 - Dubai - United Arab Emirates,https://www.almasaood-ngc.com/,Contractor,,4.5,MEDIUM,55,,,,construction contractors JVC Dubai
LEVANTO By ORO24,+971 800 67624,3636+5PH - قرية جميرا الدائرية - Al Barsha South Fourth - Dubai - United Arab Emirates,https://oro24.com/,Real estate developer,,4.6,MEDIUM,55,,,,construction contractors JVC Dubai
Acura General Contracting LLC,+971 4 338 3036,Apex Atrium - Al Hebiah First - Dubai - United Arab Emirates,https://www.google.com/maps/search/?api=1&query=Acura%20General%20Contracting%20LLC&query_place_id=ChIJE69E4IdpXz4RfrP_3_pw088,Construction company,,4.2,LOW,40,,,,construction contractors JVC Dubai
Sunmar Sky Electromechanical,+971 55 345 8908,Naif - Deira - Dubai - United Arab Emirates,http://www.dewaapprovedcontractors.com/,Construction company,,3,MEDIUM,55,,,,electromechanical companies JVC Dubai
Future World Electromechanical LLC,+971 4 258 3250,"PO 94330, Damascus Road - Dubai - United Arab Emirates",https://www.google.com/maps/search/?api=1&query=Future%20World%20Electromechanical%20LLC&query_place_id=ChIJKU6P_jlcXz4RHAYHTUjH_9g,Mechanical contractor,,4.4,LOW,40,,,,electromechanical companies JVC Dubai
Faman Electromechanical works,+971 4 250 0047,Sheikh Rashid Rd - Al Garhoud - Dubai - United Arab Emirates,https://www.google.com/maps/search/?api=1&query=Faman%20Electromechanical%20works&query_place_id=ChIJZdyFkyFdXz4Rt8zplctyoGk,HVAC contractor,,4.9,LOW,40,,,,electromechanical companies JLT Dubai
Sinyar Electromechanical LLC,+971 4 333 8757,Apricot Towers - Dubai Silicon Oasis - Dubai - United Arab Emirates,http://www.sinyar.me/,Construction company,,2.6,MEDIUM,55,,,,electromechanical companies JVC Dubai
DCIB Construction LLC,+971 4 339 2129,"Unit 602, CONTROL TOWER - 6th Floor - Motor City - Dubai - United Arab Emirates",http://www.dciuae.com/,Construction company,,4.3,MEDIUM,55,,,,construction contractors JVC Dubai
ABBADI TECH TECHNICAL SERVICES LLC,+971 55 131 3403,Al Waha - Al Quoz - Al Quoz 4 - Dubai - United Arab Emirates,https://dewaapprovalsdubai.ae/,Electrical installation service,,4.5,MEDIUM,55,,,,electromechanical companies JVC Dubai
Fix4 technical services,+971 4 262 9619,HDS TOWER - 2504 Cluster F - Jumeirah Lake Towers - Dubai - United Arab Emirates,http://fix4technical.com/,Home builder,,4.9,MEDIUM,55,,,,construction companies JLT Dubai
HDS Tower,+971 4 422 0968,HDS Tower - Cluster F - Al Thanyah Fifth - Dubai - United Arab Emirates,https://hdsgroup.org/,Property management company,,4.1,MEDIUM,55,,,,construction companies JLT Dubai
Pandre Special Integration,+971 4 456 3122,"Floor 27, Tower AA1, Mazaya Business Avenue, Jumeirah Lake Towers - Dubai - United Arab Emirates",https://www.google.com/maps/search/?api=1&query=Pandre%20Special%20Integration&query_place_id=ChIJZXo_67FsXz4RvPvh5HqbDq8,Home automation company,,5,LOW,40,,,,construction companies JLT Dubai
JN Group spice’s N Real Estate,+971 58 593 1583,JLT Cluster L - Al Thanyah Fifth - Dubai - United Arab Emirates,http://34.226.83.105/,Construction company,,,HIGH,70,TARGET_LOCATION,,,construction companies JLT Dubai
Pearl House II by Imtiaz,+971 800 468429,Jumeirah Village Circle - Dubai - United Arab Emirates,/url?q=https://imtiaz.ae/property/pearl-house-ii-by-imtiaz%3Futm_source%3DOrganic_Search%26utm_medium%3Dgmb&opi=79508299&sa=U&ved=0ahUKEwjB4IXrz4qRAxVIExAIHfXMFhYQ61gIFCgQ&usg=AOvVaw2LgQQ3KKawmqmB6HRz3ptv,Real estate developer,,4.7,HIGH,70,TARGET_LOCATION,,,construction contractors JVC Dubai
Sol Properties Development,+971 4 432 2252,Palladium Tower - 202 Cluster C - Jumeirah Lake Towers - Dubai - United Arab Emirates,http://solproperties.ae/,Real estate developer,,4.7,MEDIUM,55,,,,construction companies JLT Dubai
Almco,+971 50 908 4253,35H3+648 - Sheikh Zayed Rd - Al Thanyah Fifth - Dubai - United Arab Emirates,http://www.almcogroup.com/,Construction company,,3.8,MEDIUM,55,,,,construction companies JLT Dubai
SAUBER Construction Dubai,+971 58 558 8982,"Hotel, Bay Central - InterContinental - Jumeirah - Dubai Marina - Dubai - United Arab Emirates",https://sauberdxb.com/,Home builder,,5,MEDIUM,55,,,,construction companies JLT Dubai
SCC Vertex Property L.L.C,+971 56 538 0306,Indigo Icon Tower - Office Number 1206 - Cluster F - Jumeirah Lake Towers - Dubai - United Arab Emirates,https://www.sccvertex.com/,Real estate developer,,5,MEDIUM,55,,,,construction companies JLT Dubai
Prime Logic Interior & Contracting L.L.C (CONCORDIA APPROVAL),+971 52 416 1890,First Al Khail St - Jumeirah Lake Towers - Dubai - United Arab Emirates,https://www.interiorworks.ae/concordia-fit-out-approval-jlt-dmcc.html,Interior designer,,5,MEDIUM,55,,,,construction companies JLT Dubai
Memar,+971 52 895 7371,"Levels, 5 & 6 - Swiss Tower - Jumeirah Lake Towers - Dubai - United Arab Emirates",https://www.google.com/maps/search/?api=1&query=Memar&query_place_id=ChIJO63TQz9tXz4RqatS2K9lh5g,Real estate developer,,5,LOW,40,,,,construction companies JLT Dubai
Alaska Electromechanical Services LLC,+971 4 258 9000,"TERMINUS 2 - FLAT NO 208,ILLIYA TOWER - 1 Damascus Street - Al Qusais Industrial Area - Dubai - United Arab Emirates",http://alaska-dxb.com/,HVAC contractor,,4.3,MEDIUM,55,,,,electromechanical companies JLT Dubai
TRK Electromechanical Works LLC,+971 4 282 6775,Umm Ramool - Rashidiya - Dubai - United Arab Emirates,https://trkelectromech.com/,Electrical installation service,,4.5,MEDIUM,55,,,,electromechanical companies JVC Dubai
Melis Building Contracting,+971 55 437 7477,Jumeirah Lake Towers - Dubai - United Arab Emirates,http://melisbuildingcontracting.com/,Construction company,,,MEDIUM,55,,,,construction companies JLT Dubai
INNOVATIVE VISION TECHNICAL SERVICES L.L.C,+971 55 551 7290,"Concorde Tower, JLT Cluster H - Al Thanyah Fifth - Dubai - United Arab Emirates",https://innovativevistech.com/,Property maintenance,,5,HIGH,70,TARGET_LOCATION,,,construction companies JLT Dubai
ME DO RE Towers,+971 800 444666,ME DO RE Sales Centre - Cluster L - Jumeirah Lake Towers - Dubai - United Arab Emirates,https://medore.ae/,Real estate developer,,4.1,MEDIUM,55,,,,construction companies JLT Dubai
Green Sandal Electromechanical Works LLC Dubai,+971 4 296 3311,"3rd Floor, Office No:313, MJM Building, Port Saeed - Deira Dubai - United Arab Emirates",https://www.google.com/maps/search/?api=1&query=Green%20Sandal%20Electromechanical%20Works%20LLC%20Dubai&query_place_id=ChIJ3cs8mthcXz4R54-s97Kt_qY,Air conditioning contractor,,4.1,LOW,40,,,,electromechanical companies JLT Dubai
Drakken DMCC,+971 4 421 8332,Saba Tower 1 - Al Thanyah Fifth - Dubai - United Arab Emirates,http://www.drakken.co/,Automation company,,4.8,MEDIUM,55,,,,construction companies JLT Dubai
Algebra Contracting LLC 800-INTERIOR,+971 4 883 7300,"Marina Heights Tower, Office 102 - Dubai Marina - Dubai - United Arab Emirates",https://algebra-contracting.com/,Interior designer,,4.6,MEDIUM,55,,,,construction companies JLT Dubai
Kingdom By MAG,+971 58 555 9090,MBL Royal Retail - No G - 01 Cluster K - Jumeirah Lake Towers - JLT Cluster K - Dubai - United Arab Emirates,https://www.kingdombymag.ae/,Real estate consultant,,4.6,HIGH,70,TARGET_LOCATION,,,construction companies JLT Dubai
Juma Al Majid Electro Mechanical Works,+971 4 285 1145,58 Marrakech St - Umm Ramool - Dubai - United Arab Emirates,http://www.contserv-almajid.com/,Contractor,,4.4,MEDIUM,55,,,,electromechanical companies JLT Dubai
Bright Electrical Works L.L.C,+971 4 832 1701,"Dubai Silicon Oasis Office 803 , Icon Building - Dubai - United Arab Emirates",http://www.brightew.com/,Construction company,,4.6,MEDIUM,55,,,,electromechanical companies JLT Dubai
Saifco Electromechanical Works LLC,+971 4 336 6602,Zaa'beel St - Oud Metha - Dubai - United Arab Emirates,https://www.saifcomep.com/,Contractor,,3.8,MEDIUM,55,,,,electromechanical companies JLT Dubai
SilverStar Electrical Services Dubai,+971 55 307 0510,Al Quoz - Al Qouz Ind.third - Dubai - United Arab Emirates,https://electrical-services-dubai.com/,Electrician,,4.7,MEDIUM,55,,,,electromechanical companies JLT Dubai
Cable Cure Electromechanical works L.L.C,+971 4 346 7115,Al Quoz - Al Quoz 3 - Dubai - United Arab Emirates,https://cable-cure.com/,Electrical installation service,,3.4,MEDIUM,55,,,,electromechanical companies JLT Dubai
Scale Electro. Mechanical Works,+971 4 220 1033,496M+QCP - Zabeel Rd - Nadd Hessa - Dubai - United Arab Emirates,http://scale-emw.net/,Construction company,,4.1,MEDIUM,55,,,,electromechanical companies JLT Dubai
RESCO Electromechanical LLC,+971 50 555 8861,"Al Kalbani Business Center - M-08-19, Mezzanine Floor - 18 5 B St - Al Khabaisi - Deira - Dubai - United Arab Emirates",http://resco.ae/,Electrical installation service,,4.8,MEDIUM,55,,,,electromechanical companies JLT Dubai
Nader El Boustany Villa (Townhouse U24),+971 52 942 1618,JVC - Al Barsha South Fourth - Dubai - United Arab Emirates,https://www.google.com/maps/search/?api=1&query=Nader%20El%20Boustany%20Villa%20(Townhouse%20U24)&query_place_id=ChIJwY6HBBttXz4RNHF95j4gSnc,Home builder,,5,MEDIUM,55,TARGET_LOCATION,,,construction contractors JVC Dubai
Midora Residences show apartment,+971 4 558 8460,JVC - Street 24 - Al Barsha South Fourth - Jumeirah Village Circle - Dubai - United Arab Emirates,https://www.qbd.ae/midora-residences,Real estate developer,,5,HIGH,70,TARGET_LOCATION,,,construction contractors JVC Dubai
Plazzo Heights,+971 4 554 5670,"AL-BARSHA SOUTH FOURTH - PLAZZO HEIGHTS, DISTRICT-10 - Jumeirah Village Circle - Dubai - United Arab Emirates",https://plazzoheights.ae/,Apartment building,,3.8,HIGH,70,TARGET_LOCATION,,,construction contractors JVC Dubai
EMAC ELECTROMECHANICAL LLC,+971 4 341 1332,Apricot Towers - Dubai Silicon Oasis - Dubai - United Arab Emirates,https://www.emac-mep.com/,Construction company,,4.1,MEDIUM,55,,,,electromechanical companies JLT Dubai
Villa 360 Contracting LLC,+971 58 668 9360,"Diamond Business Centre - Office No 309 A, Arjan - Dubai - United Arab Emirates",https://villa360.ae/,Construction company,,5,MEDIUM,55,,,,construction contractors JVC Dubai
We Shape Spaces LLC,+971 56 355 2553,JVC street Prime Business Centre - Tower A Office 902 - Dubai - United Arab Emirates,http://www.weshapespaces.com/,Interior architect office,,5,HIGH,70,TARGET_LOCATION,,,construction contractors JVC Dubai
MEPCO Electro Mechanical Works LLC,+971 6 544 5300,Al Mamzar - Sharjah - United Arab Emirates,http://www.mepco-llc.com/,General contractor,,4.1,MEDIUM,55,,,,electromechanical companies JLT Dubai
Al Shafar Electromechanical Engineering L.L.C.,+971 4 334 6996,"Malaysian Trade Center, 68, 2 Street, Oud Metha - 319, Dubai 1 Floor, Office, 115 - United Arab Emirates",https://www.google.com/maps/search/?api=1&query=Al%20Shafar%20Electromechanical%20Engineering%20L.L.C.&query_place_id=ChIJ9UOE1UFDXz4RhOl3qJZj2K0,Construction company,,2.3,LOW,40,,,,electromechanical companies JLT Dubai
Classic star building contracting L.L.C,+971 4 420 5898,"Behind miracle garden , the light tower 2 , 415 - Dubai - United Arab Emirates",http://www.classicstarbuilding.com/,Construction company,,4,MEDIUM,55,,,,construction contractors JVC Dubai
Detech Contracting Site Office,+971 4 294 5050,365H+JJJ - Al Barsha South Third - Al Barsha South - Dubai - United Arab Emirates,https://www.google.com/maps/search/?api=1&query=Detech%20Contracting%20Site%20Office&query_place_id=ChIJPyOVO35uXz4Rex-voJpOf5o,Construction company,,4.6,LOW,40,,,,construction contractors JVC Dubai
Albonian International Electromechanical Works & Maintenance,+971 4 339 7000,Road 319 - Latifa Latifa Bint Hamdan St - Al Quoz - Al Quoz 4 - Dubai - United Arab Emirates,http://www.albonian.co/,Construction company,,3.3,MEDIUM,55,,,,electromechanical companies JVC Dubai
Nuvo Building Contracting LLC,+971 4 458 1633,Diamond Business Center 2 Building Al Barsha South 3 - Dubai - United Arab Emirates,http://www.nuvobuild.com/,Construction company,,5,MEDIUM,55,,,,construction contractors JVC Dubai
JST Electromechanical LLC,+971 4 320 4772,19 15 St - Ras Al Khor Industrial Area 1 - Dubai - United Arab Emirates,http://www.jstemuae.com/,Air conditioning contractor,,3.9,MEDIUM,55,,,,electromechanical companies JVC Dubai
