businessName,category,address,area,emirate,phone,email,website,rating,reviewCount,latitude,longitude,businessSize,industryCategory,targetMarket,companyStage,leadScore,leadPriority,digitalMaturityLevel,securityLevel,websiteTechScore,performanceScore,hasSSL,hasCDN,cmsDetected,dataQualityScore,verificationStatus,confidence,dataSources,keyInsights,recommendations,estimatedEmployees
Company Name,Priority,Phone,Website,Industry,Revenue Potential,Quality Score,Contact Method,Services Needed,Location,Lead Source,Next Action,,,,,,,,,,,,,,,,,,,,
RVG Chartered Accountants,URGENT,9.72E+11,https://rvguae.com,Professional Services - Finance,$30000-45000,72,Direct Phone,"Advanced accounting software, client portal, automated reporting",Dubai,Direct Scraping,CALL TODAY,,,,,,,,,,,,,,,,,,,,
Pioneer Business Services,URGENT,9.72E+11,http://www.pioneerbs.com,Business Consulting,$25000-40000,82,Direct Phone,"Business development CRM, client management, digital marketing",Deira Clocktower,Direct Scraping,CALL TODAY,,,,,,,,,,,,,,,,,,,,
AJ Trading,URGENT,9.72E+11,,Trading & Distribution,$20000-35000,50,Direct Phone,"Complete digital transformation, website, e-commerce, branding",Al Rigga,Direct Scraping,CALL TODAY,,,,,,,,,,,,,,,,,,,,
The VAT Consultant,HIGH,,https://thevatconsultant.com,Professional Services - Finance,$25000-40000,65,Website Form,"VAT automation system, client dashboard",Dubai,Direct Scraping,EMAIL THIS WEEK,,,,,,,,,,,,,,,,,,,,
Farahat & Co. - Auditing Firm,HIGH,,https://farahatco.com,Professional Services - Finance,$30000-50000,65,Website Form,"Audit management platform, document automation",Dubai,Direct Scraping,EMAIL THIS WEEK,,,,,,,,,,,,,,,,,,,,
Elegant Services,HIGH,,https://elegantservices.ae,Business Consulting,$15000-25000,67,Website Form,Consulting project management system,Deira,Direct Scraping,EMAIL THIS WEEK,,,,,,,,,,,,,,,,,,,,
United Trading Company LLC,MEDIUM,,http://www.unitedtradingcompany.com,Trading & Distribution,$20000-35000,60,Website Form,"E-commerce platform, B2B marketplace",Al Rigga,Direct Scraping,EMAIL THIS WEEK,,,,,,,,,,,,,,,,,,,,
Al Rostamani Business Services,HIGH,,Research Required,Business Consulting,$30000-45000,75,Research Required,"Corporate services automation, client onboarding system",DIFC,Industry Research,RESEARCH CONTACT,,,,,,,,,,,,,,,,,,,,
Deloitte Middle East,HIGH,,Research Required,Professional Services - Consulting,$50000-80000,85,Research Required,"Enterprise consulting solutions, client management platform",DIFC,Industry Research,RESEARCH CONTACT,,,,,,,,,,,,,,,,,,,,
KPMG Lower Gulf,HIGH,,Research Required,Professional Services - Audit,$45000-70000,80,Research Required,"Audit automation system, client portal",DIFC,Industry Research,RESEARCH CONTACT,,,,,,,,,,,,,,,,,,,,
Ernst & Young Middle East,HIGH,,Research Required,Professional Services - Advisory,$45000-75000,80,Research Required,"Advisory platform, client management system",DIFC,Industry Research,RESEARCH CONTACT,,,,,,,,,,,,,,,,,,,,
PwC Middle East,HIGH,,Research Required,Professional Services - Tax,$40000-65000,80,Research Required,"Tax compliance automation, client dashboard",DIFC,Industry Research,RESEARCH CONTACT,,,,,,,,,,,,,,,,,,,,
BDO Middle East,HIGH,,Research Required,Professional Services - Accounting,$35000-55000,75,Research Required,"Accounting automation, client portal",DIFC,Industry Research,RESEARCH CONTACT,,,,,,,,,,,,,,,,,,,,
Grant Thornton UAE,HIGH,,Research Required,Professional Services - Business Advisory,$30000-50000,75,Research Required,"Business advisory platform, client management",DIFC,Industry Research,RESEARCH CONTACT,,,,,,,,,,,,,,,,,,,,
Baker McKenzie Habib Al Mulla,HIGH,,Research Required,Legal Services,$50000-85000,85,Research Required,"Legal case management, document automation",DIFC,Industry Research,RESEARCH CONTACT,,,,,,,,,,,,,,,,,,,,
Al Futtaim Trading Enterprises,MEDIUM,,Research Required,Trading & Distribution,$40000-60000,70,Research Required,"Inventory management, B2B platform",Dubai Festival City,Industry Research,RESEARCH CONTACT,,,,,,,,,,,,,,,,,,,,
Majid Al Futtaim Properties,HIGH,,Research Required,Real Estate Development,$45000-70000,75,Research Required,"Property management system, client CRM",Dubai Marina,Industry Research,RESEARCH CONTACT,,,,,,,,,,,,,,,,,,,,
Emaar Properties,HIGH,,Research Required,Real Estate Development,$60000-100000,85,Research Required,"Customer relationship management, property portal",Downtown Dubai,Industry Research,RESEARCH CONTACT,,,,,,,,,,,,,,,,,,,,
DAMAC Properties,HIGH,,Research Required,Real Estate Development,$50000-80000,80,Research Required,"Sales automation, customer management",Business Bay,Industry Research,RESEARCH CONTACT,,,,,,,,,,,,,,,,,,,,
Nakheel Properties,HIGH,,Research Required,Real Estate Development,$55000-85000,80,Research Required,"Property management, client portal",Dubai Marina,Industry Research,RESEARCH CONTACT,,,,,,,,,,,,,,,,,,,,
Dubai Duty Free,MEDIUM,,Research Required,Retail Trading,$35000-55000,70,Research Required,"Retail management system, inventory tracking",Dubai International Airport,Industry Research,RESEARCH CONTACT,,,,,,,,,,,,,,,,,,,,
Al Habtoor Group,HIGH,,Research Required,Diversified Trading,$45000-70000,75,Research Required,"Corporate management system, multi-division portal",Dubai Marina,Industry Research,RESEARCH CONTACT,,,,,,,,,,,,,,,,,,,,
Gulf Navigation Holdings,MEDIUM,,Research Required,Marine Trading,$40000-65000,70,Research Required,"Fleet management system, logistics platform",Dubai Maritime City,Industry Research,RESEARCH CONTACT,,,,,,,,,,,,,,,,,,,,
du (Emirates Integrated Telecommunications),HIGH,,Research Required,Telecommunications,$60000-100000,85,Research Required,"Enterprise communication solutions, customer portal",Dubai Internet City,Industry Research,RESEARCH CONTACT,,,,,,,,,,,,,,,,,,,,
Etisalat Digital,HIGH,,Research Required,Digital Services,$55000-90000,80,Research Required,"Digital transformation platform, enterprise solutions",Dubai Internet City,Industry Research,RESEARCH CONTACT,,,,,,,,,,,,,,,,,,,,
Microsoft Middle East,HIGH,,Research Required,Technology Services,$70000-120000,90,Research Required,"Cloud solutions, enterprise management",Dubai Internet City,Industry Research,RESEARCH CONTACT,,,,,,,,,,,,,,,,,,,,
Oracle Middle East,HIGH,,Research Required,Enterprise Software,$65000-110000,85,Research Required,"Database solutions, enterprise applications",Dubai Internet City,Industry Research,RESEARCH CONTACT,,,,,,,,,,,,,,,,,,,,
SAP Middle East,HIGH,,Research Required,Enterprise Software,$60000-105000,85,Research Required,"ERP solutions, business intelligence",Dubai Internet City,Industry Research,RESEARCH CONTACT,,,,,,,,,,,,,,,,,,,,
IBM Middle East,HIGH,,Research Required,Technology Consulting,$65000-115000,85,Research Required,"AI solutions, consulting services",Dubai Internet City,Industry Research,RESEARCH CONTACT,,,,,,,,,,,,,,,,,,,,
Cisco Systems Middle East,HIGH,,Research Required,Networking Technology,$50000-85000,80,Research Required,"Network solutions, security systems",Dubai Internet City,Industry Research,RESEARCH CONTACT,,,,,,,,,,,,,,,,,,,,
HP Middle East,MEDIUM,,Research Required,Technology Hardware,$45000-75000,75,Research Required,"Hardware solutions, managed services",Dubai Internet City,Industry Research,RESEARCH CONTACT,,,,,,,,,,,,,,,,,,,,
Emirates NBD Bank,HIGH,,Research Required,Banking & Finance,$70000-120000,90,Research Required,"Digital banking solutions, corporate portal",Bur Dubai,Industry Research,RESEARCH CONTACT,,,,,,,,,,,,,,,,,,,,
First Abu Dhabi Bank,HIGH,,Research Required,Banking & Finance,$65000-110000,85,Research Required,"Corporate banking platform, client management",DIFC,Industry Research,RESEARCH CONTACT,,,,,,,,,,,,,,,,,,,,
Mashreq Bank,HIGH,,Research Required,Banking & Finance,$55000-95000,80,Research Required,"Digital banking, customer portal",Bur Dubai,Industry Research,RESEARCH CONTACT,,,,,,,,,,,,,,,,,,,,
ADCB (Abu Dhabi Commercial Bank),HIGH,,Research Required,Banking & Finance,$50000-85000,80,Research Required,"Commercial banking solutions, enterprise platform",DIFC,Industry Research,RESEARCH CONTACT,,,,,,,,,,,,,,,,,,,,
Company Name,Service Category,Location,Phone,Website,Priority,Revenue Potential,Contact Method,Services Needed,Search Focus,,,,,,,,,,,,,,,,,,,,,,
Riz & Mona Consultancy,Business Setup Services,Bur Dubai,,Research Required,HIGH,$25000-40000,Research Required,"Client onboarding automation, document management system",Business Setup Dubai,,,,,,,,,,,,,,,,,,,,,,
Business Link UAE,Business Setup Services,Business Bay,,Research Required,HIGH,$30000-50000,Research Required,"Business setup automation, compliance tracking",Company Formation Dubai,,,,,,,,,,,,,,,,,,,,,,
Shuraa Business Setup,Business Setup Services,Business Bay,,Research Required,HIGH,$35000-55000,Research Required,"Client management platform, automated workflows",Business Registration Dubai,,,,,,,,,,,,,,,,,,,,,,
Al Rostamani Business Services,Business Setup Services,DIFC,,Research Required,URGENT,$40000-65000,Research Required,"Enterprise client management, document automation",LLC Formation Dubai,,,,,,,,,,,,,,,,,,,,,,
Commitbiz Business Setup,Business Setup Services,Dubai Marina,,Research Required,HIGH,$25000-45000,Research Required,"Setup tracking system, client portal",Company Incorporation Dubai,,,,,,,,,,,,,,,,,,,,,,
A&A Associate,Business Setup Services,Deira,,Research Required,MEDIUM,$20000-35000,Research Required,"Digital transformation, client management",Business License Dubai,,,,,,,,,,,,,,,,,,,,,,
Farahat & Co Business Setup,Business Setup Services,Bur Dubai,,Research Required,HIGH,$30000-50000,Research Required,"Setup automation, compliance management",Mainland Company Setup Dubai,,,,,,,,,,,,,,,,,,,,,,
Tahseen Consulting,Business Setup Services,Business Bay,,Research Required,HIGH,$35000-55000,Research Required,"Client onboarding platform, document tracking",Freezone Company Setup Dubai,,,,,,,,,,,,,,,,,,,,,,
Emirates Consulting Group,Business Setup Services,Downtown Dubai,,Research Required,HIGH,$40000-60000,Research Required,Comprehensive business management system,Offshore Company Dubai,,,,,,,,,,,,,,,,,,,,,,
Virtuzone Business Setup,Business Setup Services,DIFC,,Research Required,URGENT,$45000-70000,Research Required,Digital client experience platform,Business Setup Consultants Dubai,,,,,,,,,,,,,,,,,,,,,,
3E Accounting Business Setup,Business Setup Services,Al Rigga,,Research Required,MEDIUM,$25000-40000,Research Required,"Setup automation, client portal",Company Formation Services Dubai,,,,,,,,,,,,,,,,,,,,,,
Connect Business Centers,Business Setup Services,Jumeirah,,Research Required,HIGH,$30000-45000,Research Required,"Client management system, automated tracking",Business Establishment Dubai,,,,,,,,,,,,,,,,,,,,,,
Helpline Group,Business Setup Services,Business Bay,,Research Required,HIGH,$35000-50000,Research Required,Comprehensive setup platform,Business Setup Dubai,,,,,,,,,,,,,,,,,,,,,,
Al Reyami Business Setup,Business Setup Services,Deira,,Research Required,MEDIUM,$20000-35000,Research Required,"Digital client experience, automation",Business Setup Dubai,,,,,,,,,,,,,,,,,,,,,,
Smart Zone Business Setup,Business Setup Services,Dubai Investment Park,,Research Required,MEDIUM,$25000-40000,Research Required,"Setup tracking, client management",Business Setup Dubai,,,,,,,,,,,,,,,,,,,,,,
Al Fardan Exchange PRO Services,PRO Services,Bur Dubai,,Research Required,HIGH,$15000-25000,Research Required,"Visa tracking system, client portal",PRO Services Dubai,,,,,,,,,,,,,,,,,,,,,,
Kanoo Group PRO Services,PRO Services,Deira,,Research Required,HIGH,$20000-35000,Research Required,"Government liaison platform, document tracking",Public Relations Officer Dubai,,,,,,,,,,,,,,,,,,,,,,
Emirates PRO Services,PRO Services,Al Karama,,Research Required,MEDIUM,$15000-25000,Research Required,"Document management system, client tracking",Government Relations Dubai,,,,,,,,,,,,,,,,,,,,,,
Quick PRO Services Dubai,PRO Services,Business Bay,,Research Required,HIGH,$18000-30000,Research Required,"Processing automation, client portal",Visa Services Dubai,,,,,,,,,,,,,,,,,,,,,,
Prime PRO Services,PRO Services,Downtown Dubai,,Research Required,HIGH,$20000-35000,Research Required,"Government tracking system, workflow automation",Emirates ID Services Dubai,,,,,,,,,,,,,,,,,,,,,,
Expert PRO Dubai,PRO Services,Dubai Marina,,Research Required,MEDIUM,$15000-28000,Research Required,"Client management platform, processing tracker",Labor Card Services Dubai,,,,,,,,,,,,,,,,,,,,,,
Al Mulla PRO Services,PRO Services,Deira,,Research Required,MEDIUM,$12000-22000,Research Required,"Digital transformation, client portal",Trade License Renewal Dubai,,,,,,,,,,,,,,,,,,,,,,
United PRO Services,PRO Services,Bur Dubai,,Research Required,HIGH,$18000-30000,Research Required,"Liaison tracking, automated workflows",Immigration Services Dubai,,,,,,,,,,,,,,,,,,,,,,
Dubai PRO Expert,PRO Services,Al Qusais,,Research Required,MEDIUM,$15000-25000,Research Required,"License tracking system, client management",Document Clearing Dubai,,,,,,,,,,,,,,,,,,,,,,
Fast Track PRO,PRO Services,Business Bay,,Research Required,HIGH,$20000-32000,Research Required,"Processing automation, client dashboard",Government Liaison Dubai,,,,,,,,,,,,,,,,,,,,,,
Golden PRO Services,PRO Services,Jumeirah,,Research Required,MEDIUM,$18000-28000,Research Required,"Government liaison platform, client tracking",PRO Services Dubai,,,,,,,,,,,,,,,,,,,,,,
Reliable PRO Dubai,PRO Services,Al Rigga,,Research Required,MEDIUM,$15000-25000,Research Required,"Document management, automated processing",PRO Services Dubai,,,,,,,,,,,,,,,,,,,,,,
RVG Chartered Accountants,Accounting Services,Dubai,9.72E+11,https://rvguae.com,URGENT,$30000-45000,Direct Phone,"Advanced accounting software, client portal",Accounting Services Dubai,,,,,,,,,,,,,,,,,,,,,,
The VAT Consultant,Accounting Services,Dubai,,https://thevatconsultant.com,HIGH,$25000-40000,Website Form,"VAT automation system, client dashboard",VAT Consultants Dubai,,,,,,,,,,,,,,,,,,,,,,
Farahat & Co. - Auditing,Accounting Services,Dubai,,https://farahatco.com,HIGH,$30000-50000,Website Form,"Audit management platform, document automation",Audit Services Dubai,,,,,,,,,,,,,,,,,,,,,,
Al Bassam & Co Chartered Accountants,Accounting Services,Bur Dubai,,Research Required,HIGH,$35000-55000,Research Required,"Comprehensive accounting platform, client portal",Chartered Accountants Dubai,,,,,,,,,,,,,,,,,,,,,,
RSM UAE (Formerly Baker Tilly),Accounting Services,DIFC,,Research Required,URGENT,$50000-80000,Research Required,"Enterprise accounting solutions, client management",Accounting Firms Dubai,,,,,,,,,,,,,,,,,,,,,,
Crowe UAE,Accounting Services,DIFC,,Research Required,URGENT,$45000-70000,Research Required,"Audit automation, client portal platform",Tax Consultants Dubai,,,,,,,,,,,,,,,,,,,,,,
Al Reyami Chartered Accountants,Accounting Services,Deira,,Research Required,HIGH,$25000-40000,Research Required,"Accounting automation, VAT compliance system",Bookkeeping Services Dubai,,,,,,,,,,,,,,,,,,,,,,
HLB T.K. Qureshi & Co,Accounting Services,Business Bay,,Research Required,HIGH,$40000-60000,Research Required,"Integrated accounting platform, client management",Financial Consultants Dubai,,,,,,,,,,,,,,,,,,,,,,
Al Mubarak Chartered Accountants,Accounting Services,Al Rigga,,Research Required,HIGH,$30000-45000,Research Required,"Accounting software, client portal, reporting automation",Accounting Outsourcing Dubai,,,,,,,,,,,,,,,,,,,,,,
Nexia Middle East,Accounting Services,DIFC,,Research Required,HIGH,$45000-65000,Research Required,"Enterprise audit platform, business intelligence",Payroll Services Dubai,,,,,,,,,,,,,,,,,,,,,,
PKF UAE,Accounting Services,DIFC,,Research Required,HIGH,$40000-60000,Research Required,"Comprehensive audit system, client dashboard",Financial Advisory Dubai,,,,,,,,,,,,,,,,,,,,,,
Al Zaabi & Partners,Accounting Services,Business Bay,,Research Required,HIGH,$35000-50000,Research Required,"Financial advisory platform, VAT automation",Tax Advisory Dubai,,,,,,,,,,,,,,,,,,,,,,
Mazars UAE,Accounting Services,DIFC,,Research Required,URGENT,$50000-75000,Research Required,"Enterprise audit solutions, advisory platform",Accounting Services Dubai,,,,,,,,,,,,,,,,,,,,,,
Moore UAE (Formerly Horwath Mak),Accounting Services,DIFC,,Research Required,HIGH,$45000-65000,Research Required,"Audit management system, business advisory platform",Accounting Services Dubai,,,,,,,,,,,,,,,,,,,,,,
Al Fayez Chartered Accountants,Accounting Services,Deira,,Research Required,MEDIUM,$25000-38000,Research Required,"Accounting automation, VAT compliance tracking",Accounting Services Dubai,,,,,,,,,,,,,,,,,,,,,,
Pioneer Business Services,Business Consultancy,Deira Clocktower,9.72E+11,http://www.pioneerbs.com,URGENT,$25000-40000,Direct Phone,"Business development CRM, client management",Business Consultants Dubai,,,,,,,,,,,,,,,,,,,,,,
Elegant Services,Business Consultancy,Deira,,https://elegantservices.ae,HIGH,$15000-25000,Website Form,Consulting project management system,Management Consultants Dubai,,,,,,,,,,,,,,,,,,,,,,
McKinsey & Company Middle East,Business Consultancy,DIFC,,Research Required,URGENT,$80000-120000,Research Required,"Enterprise consulting platform, client management",Business Advisory Dubai,,,,,,,,,,,,,,,,,,,,,,
Boston Consulting Group Middle East,Business Consultancy,DIFC,,Research Required,URGENT,$75000-110000,Research Required,"Strategic planning platform, project management",Strategic Consultants Dubai,,,,,,,,,,,,,,,,,,,,,,
Bain & Company Middle East,Business Consultancy,DIFC,,Research Required,URGENT,$70000-105000,Research Required,"Consulting management system, performance tracking",Business Development Dubai,,,,,,,,,,,,,,,,,,,,,,
Roland Berger Middle East,Business Consultancy,DIFC,,Research Required,HIGH,$60000-90000,Research Required,"Strategy platform, client collaboration tools",Corporate Consultants Dubai,,,,,,,,,,,,,,,,,,,,,,
A.T. Kearney Middle East,Business Consultancy,DIFC,,Research Required,HIGH,$65000-95000,Research Required,"Consulting project platform, client portal",Business Planning Dubai,,,,,,,,,,,,,,,,,,,,,,
Oliver Wyman Middle East,Business Consultancy,DIFC,,Research Required,HIGH,$55000-85000,Research Required,"Financial consulting platform, risk management system",Startup Consultants Dubai,,,,,,,,,,,,,,,,,,,,,,
Emirates NBD Securities,Brokerage Services,DIFC,,Research Required,HIGH,$60000-95000,Research Required,"Investment platform, client portfolio management",Business Brokers Dubai,,,,,,,,,,,,,,,,,,,,,,
EFG Hermes UAE,Brokerage Services,DIFC,,Research Required,URGENT,$70000-110000,Research Required,"Trading platform, investment tracking system",Investment Brokers Dubai,,,,,,,,,,,,,,,,,,,,,,
HC Securities & Investment,Brokerage Services,DIFC,,Research Required,HIGH,$50000-80000,Research Required,"Securities platform, advisory management system",Financial Brokers Dubai,,,,,,,,,,,,,,,,,,,,,,
Al Ramz Securities,Brokerage Services,DIFC,,Research Required,HIGH,$45000-70000,Research Required,"Trading platform, client management system",Real Estate Brokers Dubai,,,,,,,,,,,,,,,,,,,,,,
Menacorp,Brokerage Services,DIFC,,Research Required,HIGH,$55000-85000,Research Required,"Investment management platform, client portal",Insurance Brokers Dubai,,,,,,,,,,,,,,,,,,,,,,
