Name,Category,Phone,Website,Address,Priority,Quality Score,Data Source,Search Term,Timestamp
RVG Chartered Accountants,محاسب عام معتمد,056 679 6910,https://rvguae.com/,"
Office No 109, The Atrium Center Al Mankhool - Bur Dubai - دبي",URGENT,10,Google Maps Scraper,chartered accountants,2025-10-03T14:48:30.194Z
"CLA Emirates (formerly Emirates Chartered Accountants Group [ECAG]) – Accounting and Audit Firm in Dubai, UAE",محاسب عام معتمد,056 679 6910,https://rvguae.com/,"
Office No 109, The Atrium Center Al Mankhool - Bur Dubai - دبي",URGENT,10,Google Maps Scraper,chartered accountants,2025-10-03T14:48:39.467Z
Farahat & Co. - Auditing Firm and TAX Consultants,محاسب عام معتمد,056 679 6910,https://rvguae.com/,"
Office No 109, The Atrium Center Al Mankhool - Bur Dubai - دبي",URGENT,10,Google Maps Scraper,chartered accountants,2025-10-03T14:48:48.726Z
Nair & Nelliyatt Chartered Accountants | Auditing Firms UAE | Accounting Services Dubai,محاسب عام معتمد,056 679 6910,https://rvguae.com/,"
Office No 109, The Atrium Center Al Mankhool - Bur Dubai - دبي",URGENT,10,Google Maps Scraper,chartered accountants,2025-10-03T14:48:58.025Z
BLS Lad Chartered Accountants,محاسب عام معتمد,056 679 6910,https://rvguae.com/,"
Office No 109, The Atrium Center Al Mankhool - Bur Dubai - دبي",URGENT,10,Google Maps Scraper,chartered accountants,2025-10-03T14:49:07.274Z
Mubarak Al Ketbi Chartered Accountants (Dubai Office),محاسب عام معتمد,056 679 6910,https://rvguae.com/,"
Office No 109, The Atrium Center Al Mankhool - Bur Dubai - دبي",URGENT,10,Google Maps Scraper,chartered accountants,2025-10-03T14:49:16.581Z
Paul & Hassan,محاسب عام معتمد,056 679 6910,https://rvguae.com/,"
Office No 109, The Atrium Center Al Mankhool - Bur Dubai - دبي",URGENT,10,Google Maps Scraper,chartered accountants,2025-10-03T14:49:25.858Z
"Sidra Salman & Co. - Best Chartered Accountants in Dubai, Accounting Services, Regulatory, CFO, Tax Compliance & Advisory UAE",محاسب عام معتمد,056 679 6910,https://rvguae.com/,"
Office No 109, The Atrium Center Al Mankhool - Bur Dubai - دبي",URGENT,10,Google Maps Scraper,chartered accountants,2025-10-03T14:49:35.121Z
"TGS Koya Chartered Accountants in Dubai, UAE",محاسب عام معتمد,056 679 6910,https://rvguae.com/,"
Office No 109, The Atrium Center Al Mankhool - Bur Dubai - دبي",URGENT,10,Google Maps Scraper,chartered accountants,2025-10-03T14:49:44.365Z
شركة عبدلله الملا لتدقيق والمحاسبة - دبي,محاسب عام معتمد,056 679 6910,https://rvguae.com/,"
Office No 109, The Atrium Center Al Mankhool - Bur Dubai - دبي",URGENT,10,Google Maps Scraper,chartered accountants,2025-10-03T14:49:53.670Z
KGRN Chartered Accountants,محاسب عام معتمد,056 679 6910,https://rvguae.com/,"
Office No 109, The Atrium Center Al Mankhool - Bur Dubai - دبي",URGENT,10,Google Maps Scraper,chartered accountants,2025-10-03T14:50:02.928Z
Ahmed Mahfoudh Chartered Accountant & Auditors,محاسب عام معتمد,056 679 6910,https://rvguae.com/,"
Office No 109, The Atrium Center Al Mankhool - Bur Dubai - دبي",URGENT,10,Google Maps Scraper,chartered accountants,2025-10-03T14:50:12.281Z
Ahmad Alagbari Chartered Accountants,محاسب عام معتمد,056 679 6910,https://rvguae.com/,"
Office No 109, The Atrium Center Al Mankhool - Bur Dubai - دبي",URGENT,10,Google Maps Scraper,chartered accountants,2025-10-03T14:50:21.580Z
"Alchemist Accounting | Accounting & Auditing Services in Dubai, UAE | Zoho Partner",محاسب عام معتمد,056 679 6910,https://rvguae.com/,"
Office No 109, The Atrium Center Al Mankhool - Bur Dubai - دبي",URGENT,10,Google Maps Scraper,chartered accountants,2025-10-03T14:50:30.850Z
Push Digits Chartered Accountants,محاسب عام معتمد,056 679 6910,https://rvguae.com/,"
Office No 109, The Atrium Center Al Mankhool - Bur Dubai - دبي",URGENT,10,Google Maps Scraper,chartered accountants,2025-10-03T14:50:40.164Z
Bin Hamad Mathew Joseph and Associates Chartered Accountants - Accounting | Auditing | VAT & CFO Services in Dubai,محاسب عام معتمد,056 679 6910,https://rvguae.com/,"
Office No 109, The Atrium Center Al Mankhool - Bur Dubai - دبي",URGENT,10,Google Maps Scraper,chartered accountants,2025-10-03T14:50:49.490Z
Stuart & Hamlyn Chartered Accountants,محاسب عام معتمد,056 679 6910,https://rvguae.com/,"
Office No 109, The Atrium Center Al Mankhool - Bur Dubai - دبي",URGENT,10,Google Maps Scraper,chartered accountants,2025-10-03T14:50:58.754Z
Saadiyat Accounting Audit & Tax Consultancy in Dubai,محاسب عام معتمد,056 679 6910,https://rvguae.com/,"
Office No 109, The Atrium Center Al Mankhool - Bur Dubai - دبي",URGENT,10,Google Maps Scraper,chartered accountants,2025-10-03T14:51:08.007Z
HLB Hamt Chartered Accountants,مراقب حسابات,Contact via website,Not available,"Dubai, UAE",MEDIUM,6,Google Maps Scraper,accounting services,2025-10-03T14:51:42.180Z
