Company Name,Priority,Phone,Website,Industry,Revenue Potential,Quality Score,Contact Method,Services Needed,Location,Lead Source,Next Action
RVG Chartered Accountants,URGENT,+971566796910,https://rvguae.com,Professional Services - Finance,$30000-45000,72,Direct Phone,"Advanced accounting software, client portal, automated reporting",Dubai,Direct Scraping,CALL TODAY
Pioneer Business Services,URGENT,+971553014376,http://www.pioneerbs.com,Business Consulting,$25000-40000,82,Direct Phone,"Business development CRM, client management, digital marketing",Deira Clocktower,Direct Scraping,CALL TODAY
AJ Trading,URGENT,+971562486872,,Trading & Distribution,$20000-35000,50,Direct Phone,"Complete digital transformation, website, e-commerce, branding",Al Rigga,Direct Scraping,CALL TODAY
The VAT Consultant,HIGH,,https://thevatconsultant.com,Professional Services - Finance,$25000-40000,65,Website Form,"VAT automation system, client dashboard",Dubai,Direct Scraping,EMAIL THIS WEEK
Farahat & Co. - Auditing Firm,HIGH,,https://farahatco.com,Professional Services - Finance,$30000-50000,65,Website Form,"Audit management platform, document automation",Dubai,Direct Scraping,EMAIL THIS WEEK
Elegant Services,HIGH,,https://elegantservices.ae,Business Consulting,$15000-25000,67,Website Form,"Consulting project management system",Deira,Direct Scraping,EMAIL THIS WEEK
United Trading Company LLC,MEDIUM,,http://www.unitedtradingcompany.com,Trading & Distribution,$20000-35000,60,Website Form,"E-commerce platform, B2B marketplace",Al Rigga,Direct Scraping,EMAIL THIS WEEK
Al Rostamani Business Services,HIGH,,Research Required,Business Consulting,$30000-45000,75,Research Required,"Corporate services automation, client onboarding system",DIFC,Industry Research,RESEARCH CONTACT
Deloitte Middle East,HIGH,,Research Required,Professional Services - Consulting,$50000-80000,85,Research Required,"Enterprise consulting solutions, client management platform",DIFC,Industry Research,RESEARCH CONTACT
KPMG Lower Gulf,HIGH,,Research Required,Professional Services - Audit,$45000-70000,80,Research Required,"Audit automation system, client portal",DIFC,Industry Research,RESEARCH CONTACT
Ernst & Young Middle East,HIGH,,Research Required,Professional Services - Advisory,$45000-75000,80,Research Required,"Advisory platform, client management system",DIFC,Industry Research,RESEARCH CONTACT
PwC Middle East,HIGH,,Research Required,Professional Services - Tax,$40000-65000,80,Research Required,"Tax compliance automation, client dashboard",DIFC,Industry Research,RESEARCH CONTACT
BDO Middle East,HIGH,,Research Required,Professional Services - Accounting,$35000-55000,75,Research Required,"Accounting automation, client portal",DIFC,Industry Research,RESEARCH CONTACT
Grant Thornton UAE,HIGH,,Research Required,Professional Services - Business Advisory,$30000-50000,75,Research Required,"Business advisory platform, client management",DIFC,Industry Research,RESEARCH CONTACT
Baker McKenzie Habib Al Mulla,HIGH,,Research Required,Legal Services,$50000-85000,85,Research Required,"Legal case management, document automation",DIFC,Industry Research,RESEARCH CONTACT
Al Futtaim Trading Enterprises,MEDIUM,,Research Required,Trading & Distribution,$40000-60000,70,Research Required,"Inventory management, B2B platform",Dubai Festival City,Industry Research,RESEARCH CONTACT
Majid Al Futtaim Properties,HIGH,,Research Required,Real Estate Development,$45000-70000,75,Research Required,"Property management system, client CRM",Dubai Marina,Industry Research,RESEARCH CONTACT
Emaar Properties,HIGH,,Research Required,Real Estate Development,$60000-100000,85,Research Required,"Customer relationship management, property portal",Downtown Dubai,Industry Research,RESEARCH CONTACT
DAMAC Properties,HIGH,,Research Required,Real Estate Development,$50000-80000,80,Research Required,"Sales automation, customer management",Business Bay,Industry Research,RESEARCH CONTACT
Nakheel Properties,HIGH,,Research Required,Real Estate Development,$55000-85000,80,Research Required,"Property management, client portal",Dubai Marina,Industry Research,RESEARCH CONTACT
Dubai Duty Free,MEDIUM,,Research Required,Retail Trading,$35000-55000,70,Research Required,"Retail management system, inventory tracking",Dubai International Airport,Industry Research,RESEARCH CONTACT
Al Habtoor Group,HIGH,,Research Required,Diversified Trading,$45000-70000,75,Research Required,"Corporate management system, multi-division portal",Dubai Marina,Industry Research,RESEARCH CONTACT
Gulf Navigation Holdings,MEDIUM,,Research Required,Marine Trading,$40000-65000,70,Research Required,"Fleet management system, logistics platform",Dubai Maritime City,Industry Research,RESEARCH CONTACT
du (Emirates Integrated Telecommunications),HIGH,,Research Required,Telecommunications,$60000-100000,85,Research Required,"Enterprise communication solutions, customer portal",Dubai Internet City,Industry Research,RESEARCH CONTACT
Etisalat Digital,HIGH,,Research Required,Digital Services,$55000-90000,80,Research Required,"Digital transformation platform, enterprise solutions",Dubai Internet City,Industry Research,RESEARCH CONTACT
Microsoft Middle East,HIGH,,Research Required,Technology Services,$70000-120000,90,Research Required,"Cloud solutions, enterprise management",Dubai Internet City,Industry Research,RESEARCH CONTACT
Oracle Middle East,HIGH,,Research Required,Enterprise Software,$65000-110000,85,Research Required,"Database solutions, enterprise applications",Dubai Internet City,Industry Research,RESEARCH CONTACT
SAP Middle East,HIGH,,Research Required,Enterprise Software,$60000-105000,85,Research Required,"ERP solutions, business intelligence",Dubai Internet City,Industry Research,RESEARCH CONTACT
IBM Middle East,HIGH,,Research Required,Technology Consulting,$65000-115000,85,Research Required,"AI solutions, consulting services",Dubai Internet City,Industry Research,RESEARCH CONTACT
Cisco Systems Middle East,HIGH,,Research Required,Networking Technology,$50000-85000,80,Research Required,"Network solutions, security systems",Dubai Internet City,Industry Research,RESEARCH CONTACT
HP Middle East,MEDIUM,,Research Required,Technology Hardware,$45000-75000,75,Research Required,"Hardware solutions, managed services",Dubai Internet City,Industry Research,RESEARCH CONTACT
Emirates NBD Bank,HIGH,,Research Required,Banking & Finance,$70000-120000,90,Research Required,"Digital banking solutions, corporate portal",Bur Dubai,Industry Research,RESEARCH CONTACT
First Abu Dhabi Bank,HIGH,,Research Required,Banking & Finance,$65000-110000,85,Research Required,"Corporate banking platform, client management",DIFC,Industry Research,RESEARCH CONTACT
Mashreq Bank,HIGH,,Research Required,Banking & Finance,$55000-95000,80,Research Required,"Digital banking, customer portal",Bur Dubai,Industry Research,RESEARCH CONTACT
ADCB (Abu Dhabi Commercial Bank),HIGH,,Research Required,Banking & Finance,$50000-85000,80,Research Required,"Commercial banking solutions, enterprise platform",DIFC,Industry Research,RESEARCH CONTACT