Company Name,Service Category,Location,Phone,Website,Priority,Revenue Potential,Contact Method,Services Needed,Search Focus
Riz & Mona Consultancy,Business Setup Services,Bur Dubai,,Research Required,HIGH,$25000-40000,Research Required,"Client onboarding automation, document management system",Business Setup Dubai
Business Link UAE,Business Setup Services,Business Bay,,Research Required,HIGH,$30000-50000,Research Required,"Business setup automation, compliance tracking",Company Formation Dubai
Shuraa Business Setup,Business Setup Services,Business Bay,,Research Required,HIGH,$35000-55000,Research Required,"Client management platform, automated workflows",Business Registration Dubai
Al Rostamani Business Services,Business Setup Services,DIFC,,Research Required,URGENT,$40000-65000,Research Required,"Enterprise client management, document automation",LLC Formation Dubai
Commitbiz Business Setup,Business Setup Services,Dubai Marina,,Research Required,HIGH,$25000-45000,Research Required,"Setup tracking system, client portal",Company Incorporation Dubai
A&A Associate,Business Setup Services,Deira,,Research Required,MEDIUM,$20000-35000,Research Required,"Digital transformation, client management",Business License Dubai
Farahat & Co Business Setup,Business Setup Services,Bur Dubai,,Research Required,HIGH,$30000-50000,Research Required,"Setup automation, compliance management",Mainland Company Setup Dubai
Tahseen Consulting,Business Setup Services,Business Bay,,Research Required,HIGH,$35000-55000,Research Required,"Client onboarding platform, document tracking",Freezone Company Setup Dubai
Emirates Consulting Group,Business Setup Services,Downtown Dubai,,Research Required,HIGH,$40000-60000,Research Required,Comprehensive business management system,Offshore Company Dubai
Virtuzone Business Setup,Business Setup Services,DIFC,,Research Required,URGENT,$45000-70000,Research Required,Digital client experience platform,Business Setup Consultants Dubai
3E Accounting Business Setup,Business Setup Services,Al Rigga,,Research Required,MEDIUM,$25000-40000,Research Required,"Setup automation, client portal",Company Formation Services Dubai
Connect Business Centers,Business Setup Services,Jumeirah,,Research Required,HIGH,$30000-45000,Research Required,"Client management system, automated tracking",Business Establishment Dubai
Helpline Group,Business Setup Services,Business Bay,,Research Required,HIGH,$35000-50000,Research Required,Comprehensive setup platform,Business Setup Dubai
Al Reyami Business Setup,Business Setup Services,Deira,,Research Required,MEDIUM,$20000-35000,Research Required,"Digital client experience, automation",Business Setup Dubai
Smart Zone Business Setup,Business Setup Services,Dubai Investment Park,,Research Required,MEDIUM,$25000-40000,Research Required,"Setup tracking, client management",Business Setup Dubai
Al Fardan Exchange PRO Services,PRO Services,Bur Dubai,,Research Required,HIGH,$15000-25000,Research Required,"Visa tracking system, client portal",PRO Services Dubai
Kanoo Group PRO Services,PRO Services,Deira,,Research Required,HIGH,$20000-35000,Research Required,"Government liaison platform, document tracking",Public Relations Officer Dubai
Emirates PRO Services,PRO Services,Al Karama,,Research Required,MEDIUM,$15000-25000,Research Required,"Document management system, client tracking",Government Relations Dubai
Quick PRO Services Dubai,PRO Services,Business Bay,,Research Required,HIGH,$18000-30000,Research Required,"Processing automation, client portal",Visa Services Dubai
Prime PRO Services,PRO Services,Downtown Dubai,,Research Required,HIGH,$20000-35000,Research Required,"Government tracking system, workflow automation",Emirates ID Services Dubai
Expert PRO Dubai,PRO Services,Dubai Marina,,Research Required,MEDIUM,$15000-28000,Research Required,"Client management platform, processing tracker",Labor Card Services Dubai
Al Mulla PRO Services,PRO Services,Deira,,Research Required,MEDIUM,$12000-22000,Research Required,"Digital transformation, client portal",Trade License Renewal Dubai
United PRO Services,PRO Services,Bur Dubai,,Research Required,HIGH,$18000-30000,Research Required,"Liaison tracking, automated workflows",Immigration Services Dubai
Dubai PRO Expert,PRO Services,Al Qusais,,Research Required,MEDIUM,$15000-25000,Research Required,"License tracking system, client management",Document Clearing Dubai
Fast Track PRO,PRO Services,Business Bay,,Research Required,HIGH,$20000-32000,Research Required,"Processing automation, client dashboard",Government Liaison Dubai
Golden PRO Services,PRO Services,Jumeirah,,Research Required,MEDIUM,$18000-28000,Research Required,"Government liaison platform, client tracking",PRO Services Dubai
Reliable PRO Dubai,PRO Services,Al Rigga,,Research Required,MEDIUM,$15000-25000,Research Required,"Document management, automated processing",PRO Services Dubai
RVG Chartered Accountants,Accounting Services,Dubai,9.71567E+11,https://rvguae.com,URGENT,$30000-45000,Direct Phone,"Advanced accounting software, client portal",Accounting Services Dubai
The VAT Consultant,Accounting Services,Dubai,,https://thevatconsultant.com,HIGH,$25000-40000,Website Form,"VAT automation system, client dashboard",VAT Consultants Dubai
Farahat & Co. - Auditing,Accounting Services,Dubai,,https://farahatco.com,HIGH,$30000-50000,Website Form,"Audit management platform, document automation",Audit Services Dubai
Al Bassam & Co Chartered Accountants,Accounting Services,Bur Dubai,,Research Required,HIGH,$35000-55000,Research Required,"Comprehensive accounting platform, client portal",Chartered Accountants Dubai
RSM UAE (Formerly Baker Tilly),Accounting Services,DIFC,,Research Required,URGENT,$50000-80000,Research Required,"Enterprise accounting solutions, client management",Accounting Firms Dubai
Crowe UAE,Accounting Services,DIFC,,Research Required,URGENT,$45000-70000,Research Required,"Audit automation, client portal platform",Tax Consultants Dubai
Al Reyami Chartered Accountants,Accounting Services,Deira,,Research Required,HIGH,$25000-40000,Research Required,"Accounting automation, VAT compliance system",Bookkeeping Services Dubai
HLB T.K. Qureshi & Co,Accounting Services,Business Bay,,Research Required,HIGH,$40000-60000,Research Required,"Integrated accounting platform, client management",Financial Consultants Dubai
Al Mubarak Chartered Accountants,Accounting Services,Al Rigga,,Research Required,HIGH,$30000-45000,Research Required,"Accounting software, client portal, reporting automation",Accounting Outsourcing Dubai
Nexia Middle East,Accounting Services,DIFC,,Research Required,HIGH,$45000-65000,Research Required,"Enterprise audit platform, business intelligence",Payroll Services Dubai
PKF UAE,Accounting Services,DIFC,,Research Required,HIGH,$40000-60000,Research Required,"Comprehensive audit system, client dashboard",Financial Advisory Dubai
Al Zaabi & Partners,Accounting Services,Business Bay,,Research Required,HIGH,$35000-50000,Research Required,"Financial advisory platform, VAT automation",Tax Advisory Dubai
Mazars UAE,Accounting Services,DIFC,,Research Required,URGENT,$50000-75000,Research Required,"Enterprise audit solutions, advisory platform",Accounting Services Dubai
Moore UAE (Formerly Horwath Mak),Accounting Services,DIFC,,Research Required,HIGH,$45000-65000,Research Required,"Audit management system, business advisory platform",Accounting Services Dubai
Al Fayez Chartered Accountants,Accounting Services,Deira,,Research Required,MEDIUM,$25000-38000,Research Required,"Accounting automation, VAT compliance tracking",Accounting Services Dubai
Pioneer Business Services,Business Consultancy,Deira Clocktower,9.71553E+11,http://www.pioneerbs.com,URGENT,$25000-40000,Direct Phone,"Business development CRM, client management",Business Consultants Dubai
Elegant Services,Business Consultancy,Deira,,https://elegantservices.ae,HIGH,$15000-25000,Website Form,Consulting project management system,Management Consultants Dubai
McKinsey & Company Middle East,Business Consultancy,DIFC,,Research Required,URGENT,$80000-120000,Research Required,"Enterprise consulting platform, client management",Business Advisory Dubai
Boston Consulting Group Middle East,Business Consultancy,DIFC,,Research Required,URGENT,$75000-110000,Research Required,"Strategic planning platform, project management",Strategic Consultants Dubai
Bain & Company Middle East,Business Consultancy,DIFC,,Research Required,URGENT,$70000-105000,Research Required,"Consulting management system, performance tracking",Business Development Dubai
Roland Berger Middle East,Business Consultancy,DIFC,,Research Required,HIGH,$60000-90000,Research Required,"Strategy platform, client collaboration tools",Corporate Consultants Dubai
A.T. Kearney Middle East,Business Consultancy,DIFC,,Research Required,HIGH,$65000-95000,Research Required,"Consulting project platform, client portal",Business Planning Dubai
Oliver Wyman Middle East,Business Consultancy,DIFC,,Research Required,HIGH,$55000-85000,Research Required,"Financial consulting platform, risk management system",Startup Consultants Dubai
Emirates NBD Securities,Brokerage Services,DIFC,,Research Required,HIGH,$60000-95000,Research Required,"Investment platform, client portfolio management",Business Brokers Dubai
EFG Hermes UAE,Brokerage Services,DIFC,,Research Required,URGENT,$70000-110000,Research Required,"Trading platform, investment tracking system",Investment Brokers Dubai
HC Securities & Investment,Brokerage Services,DIFC,,Research Required,HIGH,$50000-80000,Research Required,"Securities platform, advisory management system",Financial Brokers Dubai
Al Ramz Securities,Brokerage Services,DIFC,,Research Required,HIGH,$45000-70000,Research Required,"Trading platform, client management system",Real Estate Brokers Dubai
Menacorp,Brokerage Services,DIFC,,Research Required,HIGH,$55000-85000,Research Required,"Investment management platform, client portal",Insurance Brokers Dubai
