Company Name,Industry,Contact Method,Phone,Website,Address,Quality Score,Rating,Lead Priority,Revenue Potential,Services Needed,Contact Person,Notes,Lead Source,Campaign
The VAT Consultant,Tax & VAT Consulting,Website,N/A,https://thevatconsultant.com,Dubai,65,4.9,VERY HIGH,"$25,000-40,000","CRM system, client portal, automated VAT reporting",N/A,Premium tax consultancy with excellent rating,Comprehensive Campaign,Accounting Firms Dubai
Farahat & Co. - Auditing Firm and TAX Consultants,Auditing & Tax Consulting,Website,N/A,https://farahatco.com,Dubai,65,4.6,VERY HIGH,"$30,000-50,000","Audit management system, client dashboard, document automation",N/A,Established auditing firm with digital presence,Comprehensive Campaign,Accounting Firms Dubai
Pioneer business services - Deira branch,Business Development Services,Phone,9.71553E+11,http://www.pioneerbs.com,"Dubai Economy building, Deira Clocktower - Room 534-536, 5th floor",82,4.8,VERY HIGH,"$20,000-35,000","Business development CRM, client management, digital marketing",N/A,Highest quality score with direct phone contact,Deira Campaign,Businesses Deira Dubai
Start Any Business,Business Setup & Consulting,Processing,N/A,N/A,Dubai,N/A,N/A,HIGH,"$15,000-25,000","Business setup automation, client onboarding system",N/A,Business setup services have high digital transformation needs,Comprehensive Campaign,Business Consultants Dubai
Elegant Services,Management Consulting,Website,N/A,https://elegantservices.ae,"Office 201, Al Qaizi Building, Near, Deira - Fish Roundabout",67,4.9,HIGH,"$12,000-20,000","Consulting project management, client relationship system",Farhin,Management consulting with identified key contact person,Deira Campaign,Businesses Deira Dubai
United Trading Company LLC ( MASTER TOOLS ),Trading & Wholesale,Website,N/A,http://www.unitedtradingcompany.com,Baniyas Rd - Al Rigga - Dubai,60,4,HIGH,"$18,000-30,000","E-commerce platform, inventory management, B2B marketplace",N/A,Trading company with website ready for digital expansion,Deira Campaign,Trading Companies Deira
AJ Trading,Wholesale Trading,Phone,9.71562E+11,N/A,17b street - Al Rigga Rd - Dubai,50,5,VERY HIGH,"$15,000-25,000","Complete digital presence, website, e-commerce, social media",N/A,Perfect 5-star rating with NO WEBSITE - complete digital opportunity,Deira Campaign,Trading Companies Deira
City Centre Deira,Shopping Mall,Website,N/A,https://www.citycentredeira.com,8th St - Port Saeed - Dubai,60,4.5,MEDIUM,"$5,000-10,000","Corporate services, digital marketing",N/A,Large retail hub corporate services opportunity,Deira Campaign,Shops Deira Dubai
Gift Gallery Centre,Retail/Gift Shop,Physical Visit,N/A,N/A,Al Rigga Rd - Deira - Dubai,32,3.9,LOW-MEDIUM,"$3,000-8,000","Complete digitization, website, POS system",N/A,No digital presence - complete digitization opportunity,Deira Campaign,Shops Deira Dubai
